MAC_LAB_TEST_START ScenarioAudit.js
MAC_LAB_PROGRESS {"tick":0,"scene":"Follow the beacon","time":1789090442867,"stage":"catalog target"}
MAC_LAB_PROGRESS {"tick":0,"scene":"Follow the beacon","time":1789090442873,"stage":"wizard step 0"}
MAC_LAB_PROGRESS {"tick":0,"scene":"Follow the beacon","time":1789090442886,"stage":"wizard step 1"}
MAC_LAB_PROGRESS {"tick":0,"scene":"Follow the beacon","time":1789090442889,"stage":"wizard step 2"}
MAC_LAB_PROGRESS {"tick":0,"scene":"Follow the beacon","time":1789090442927,"stage":"wizard launch complete"}
MAC_LAB_PROGRESS {"tick":0,"scene":"Follow the beacon","time":1789090442927,"stage":"target wait for configured world"}
MAC_LAB_PROGRESS {"stage":"target observe default run","scene":"Follow the beacon","time":1789090443121,"tick":3}
MAC_LAB_PROGRESS {"stage":"target pause default run","scene":"Follow the beacon","time":1789090449481,"tick":250}
MAC_LAB_PROGRESS {"tick":250,"scene":"Follow the beacon","time":1789090450481,"stage":"target resume open-ended run"}
MAC_LAB_PROGRESS {"stage":"target pause open-ended run","scene":"Follow the beacon","time":1789090483481,"tick":1630}
MAC_LAB_PROGRESS {"tick":1631,"scene":"Follow the beacon","time":1789090485482,"stage":"target disconnect motor and feedback"}
MAC_LAB_PROGRESS {"tick":1631,"scene":"Follow the beacon","time":1789090486482,"stage":"target step disconnected circuit"}
MAC_LAB_PROGRESS {"tick":1636,"scene":"Follow the beacon","time":1789090487483,"stage":"target reconnect motor and feedback"}
MAC_LAB_PROGRESS {"tick":1636,"scene":"Follow the beacon","time":1789090488482,"stage":"target reduce command gain"}
MAC_LAB_PROGRESS {"stage":"target step reconnected circuit","scene":"Follow the beacon","time":1789090489482,"tick":1636}
MAC_LAB_PROGRESS {"stage":"target interact with the live scene","scene":"Follow the beacon","time":1789090490482,"tick":1641}
MAC_LAB_PROGRESS {"tick":1641,"scene":"Follow the beacon","time":1789090494482,"stage":"catalog stop-go"}
MAC_LAB_PROGRESS {"tick":1641,"scene":"Follow the beacon","time":1789090494504,"stage":"wizard step 0"}
MAC_LAB_PROGRESS {"tick":1641,"scene":"Follow the beacon","time":1789090494528,"stage":"wizard step 1"}
MAC_LAB_PROGRESS {"stage":"wizard step 2","scene":"Follow the beacon","time":1789090494540,"tick":1641}
MAC_LAB_PROGRESS {"tick":16,"scene":"Stop, wait, go","time":1789090495506,"stage":"wizard launch complete"}
MAC_LAB_PROGRESS {"stage":"stop-go wait for configured world","scene":"Stop, wait, go","time":1789090495506,"tick":16}
MAC_LAB_PROGRESS {"stage":"stop-go observe default run","scene":"Stop, wait, go","time":1789090495506,"tick":16}
MAC_LAB_PROGRESS {"tick":262,"scene":"Stop, wait, go","time":1789090504488,"stage":"stop-go pause default run"}
MAC_LAB_PROGRESS {"tick":263,"scene":"Stop, wait, go","time":1789090505482,"stage":"stop-go resume open-ended run"}
MAC_LAB_PROGRESS {"stage":"stop-go pause open-ended run","scene":"Stop, wait, go","time":1789090507482,"tick":320}
MAC_LAB_PROGRESS {"tick":321,"scene":"Stop, wait, go","time":1789090509482,"stage":"stop-go disconnect motor and feedback"}
MAC_LAB_PROGRESS {"stage":"stop-go step disconnected circuit","scene":"Stop, wait, go","time":1789090510482,"tick":321}
MAC_LAB_PROGRESS {"tick":326,"scene":"Stop, wait, go","time":1789090511482,"stage":"stop-go reconnect motor and feedback"}
MAC_LAB_PROGRESS {"tick":326,"scene":"Stop, wait, go","time":1789090512482,"stage":"stop-go reduce command gain"}
MAC_LAB_PROGRESS {"tick":326,"scene":"Stop, wait, go","time":1789090513483,"stage":"stop-go step reconnected circuit"}
MAC_LAB_PROGRESS {"stage":"stop-go interact with the live scene","scene":"Stop, wait, go","time":1789090514482,"tick":331}
MAC_LAB_PROGRESS {"stage":"catalog gaze","scene":"Stop, wait, go","time":1789090518483,"tick":331}
MAC_LAB_PROGRESS {"tick":331,"scene":"Stop, wait, go","time":1789090518496,"stage":"wizard step 0"}
MAC_LAB_PROGRESS {"stage":"wizard step 1","scene":"Stop, wait, go","time":1789090518510,"tick":331}
MAC_LAB_PROGRESS {"stage":"wizard step 2","scene":"Stop, wait, go","time":1789090518525,"tick":331}
MAC_LAB_PROGRESS {"tick":30,"scene":"Find it again","time":1789090519483,"stage":"wizard launch complete"}
MAC_LAB_PROGRESS {"tick":30,"scene":"Find it again","time":1789090519483,"stage":"gaze wait for configured world"}
MAC_LAB_PROGRESS {"tick":30,"scene":"Find it again","time":1789090519483,"stage":"gaze observe default run"}
MAC_LAB_PROGRESS {"tick":259,"scene":"Find it again","time":1789090524488,"stage":"gaze pause default run"}
MAC_LAB_PROGRESS {"stage":"gaze resume open-ended run","scene":"Find it again","time":1789090525483,"tick":259}
MAC_LAB_PROGRESS {"stage":"gaze pause open-ended run","scene":"Find it again","time":1789090526502,"tick":307}
MAC_LAB_PROGRESS {"stage":"gaze disconnect motor and feedback","scene":"Find it again","time":1789090528482,"tick":308}
MAC_LAB_PROGRESS {"stage":"gaze step disconnected circuit","scene":"Find it again","time":1789090529482,"tick":308}
MAC_LAB_PROGRESS {"tick":313,"scene":"Find it again","time":1789090530483,"stage":"gaze reconnect motor and feedback"}
MAC_LAB_PROGRESS {"tick":313,"scene":"Find it again","time":1789090531482,"stage":"gaze reduce command gain"}
MAC_LAB_PROGRESS {"tick":313,"scene":"Find it again","time":1789090532482,"stage":"gaze step reconnected circuit"}
MAC_LAB_PROGRESS {"stage":"gaze interact with the live scene","scene":"Find it again","time":1789090533483,"tick":318}
MAC_LAB_PROGRESS {"stage":"catalog switchboard","scene":"Find it again","time":1789090537483,"tick":318}
MAC_LAB_PROGRESS {"tick":318,"scene":"Find it again","time":1789090537499,"stage":"wizard step 0"}
MAC_LAB_PROGRESS {"stage":"wizard step 1","scene":"Find it again","time":1789090537520,"tick":318}
MAC_LAB_PROGRESS {"stage":"wizard step 2","scene":"Find it again","time":1789090537534,"tick":318}
MAC_LAB_PROGRESS {"stage":"wizard launch complete","scene":"Brain switchboard","time":1789090538511,"tick":35}
MAC_LAB_PROGRESS {"stage":"switchboard wait for configured world","scene":"Brain switchboard","time":1789090538511,"tick":35}
MAC_LAB_PROGRESS {"tick":35,"scene":"Brain switchboard","time":1789090538511,"stage":"switchboard observe default run"}
MAC_LAB_PROGRESS {"stage":"switchboard pause default run","scene":"Brain switchboard","time":1789090544513,"tick":283}
MAC_LAB_PROGRESS {"tick":284,"scene":"Brain switchboard","time":1789090545484,"stage":"switchboard resume open-ended run"}
MAC_LAB_PROGRESS {"tick":331,"scene":"Brain switchboard","time":1789090546483,"stage":"switchboard pause open-ended run"}
MAC_LAB_PROGRESS {"tick":332,"scene":"Brain switchboard","time":1789090548483,"stage":"switchboard disconnect motor and feedback"}
MAC_LAB_PROGRESS {"tick":332,"scene":"Brain switchboard","time":1789090549483,"stage":"switchboard step disconnected circuit"}
MAC_LAB_PROGRESS {"stage":"switchboard reconnect motor and feedback","scene":"Brain switchboard","time":1789090550483,"tick":337}
MAC_LAB_PROGRESS {"stage":"switchboard reduce command gain","scene":"Brain switchboard","time":1789090551483,"tick":337}
MAC_LAB_PROGRESS {"tick":337,"scene":"Brain switchboard","time":1789090552483,"stage":"switchboard step reconnected circuit"}
MAC_LAB_PROGRESS {"tick":342,"scene":"Brain switchboard","time":1789090553483,"stage":"switchboard interact with the live scene"}
MAC_LAB_PROGRESS {"stage":"catalog recovery","scene":"Brain switchboard","time":1789090557483,"tick":342}
MAC_LAB_PROGRESS {"stage":"wizard step 0","scene":"Brain switchboard","time":1789090557503,"tick":342}
MAC_LAB_PROGRESS {"tick":342,"scene":"Brain switchboard","time":1789090557518,"stage":"wizard step 1"}
MAC_LAB_PROGRESS {"tick":342,"scene":"Brain switchboard","time":1789090557531,"stage":"wizard step 2"}
MAC_LAB_PROGRESS {"tick":34,"scene":"Bump and recover","time":1789090558483,"stage":"wizard launch complete"}
MAC_LAB_PROGRESS {"stage":"recovery wait for configured world","scene":"Bump and recover","time":1789090558483,"tick":34}
MAC_LAB_PROGRESS {"tick":34,"scene":"Bump and recover","time":1789090558484,"stage":"recovery observe default run"}
MAC_LAB_PROGRESS {"tick":258,"scene":"Bump and recover","time":1789090563540,"stage":"recovery pause default run"}
MAC_LAB_PROGRESS {"tick":260,"scene":"Bump and recover","time":1789090564483,"stage":"recovery resume open-ended run"}
MAC_LAB_PROGRESS {"tick":302,"scene":"Bump and recover","time":1789090565527,"stage":"recovery pause open-ended run"}
MAC_LAB_PROGRESS {"tick":305,"scene":"Bump and recover","time":1789090567483,"stage":"recovery disconnect motor and feedback"}
MAC_LAB_PROGRESS {"tick":305,"scene":"Bump and recover","time":1789090568552,"stage":"recovery step disconnected circuit"}
MAC_LAB_PROGRESS {"tick":310,"scene":"Bump and recover","time":1789090569484,"stage":"recovery reconnect motor and feedback"}
MAC_LAB_PROGRESS {"tick":310,"scene":"Bump and recover","time":1789090570483,"stage":"recovery reduce command gain"}
MAC_LAB_PROGRESS {"stage":"recovery step reconnected circuit","scene":"Bump and recover","time":1789090571483,"tick":310}
MAC_LAB_PROGRESS {"tick":315,"scene":"Bump and recover","time":1789090572483,"stage":"recovery interact with the live scene"}
MAC_LAB_PROGRESS {"stage":"catalog kick","scene":"Bump and recover","time":1789090576483,"tick":315}
MAC_LAB_PROGRESS {"tick":315,"scene":"Bump and recover","time":1789090576507,"stage":"wizard step 0"}
MAC_LAB_PROGRESS {"tick":315,"scene":"Bump and recover","time":1789090576532,"stage":"wizard step 1"}
MAC_LAB_PROGRESS {"tick":315,"scene":"Bump and recover","time":1789090576541,"stage":"wizard step 2"}
MAC_LAB_PROGRESS {"tick":32,"scene":"See it, kick it","time":1789090577483,"stage":"wizard launch complete"}
MAC_LAB_PROGRESS {"stage":"kick wait for configured world","scene":"See it, kick it","time":1789090577483,"tick":32}
MAC_LAB_PROGRESS {"tick":32,"scene":"See it, kick it","time":1789090577483,"stage":"kick observe default run"}
MAC_LAB_PROGRESS {"stage":"kick pause default run","scene":"See it, kick it","time":1789090583484,"tick":287}
MAC_LAB_PROGRESS {"stage":"kick resume open-ended run","scene":"See it, kick it","time":1789090584485,"tick":288}
MAC_LAB_PROGRESS {"tick":330,"scene":"See it, kick it","time":1789090585483,"stage":"kick pause open-ended run"}
MAC_LAB_PROGRESS {"stage":"kick disconnect motor and feedback","scene":"See it, kick it","time":1789090587483,"tick":331}
MAC_LAB_PROGRESS {"tick":331,"scene":"See it, kick it","time":1789090588483,"stage":"kick step disconnected circuit"}
MAC_LAB_PROGRESS {"stage":"kick reconnect motor and feedback","scene":"See it, kick it","time":1789090589484,"tick":336}
MAC_LAB_PROGRESS {"stage":"kick reduce command gain","scene":"See it, kick it","time":1789090590483,"tick":336}
MAC_LAB_PROGRESS {"tick":336,"scene":"See it, kick it","time":1789090591483,"stage":"kick step reconnected circuit"}
MAC_LAB_PROGRESS {"stage":"kick interact with the live scene","scene":"See it, kick it","time":1789090592483,"tick":341}
MAC_LAB_PROGRESS {"stage":"catalog occlusion","scene":"See it, kick it","time":1789090598484,"tick":341}
MAC_LAB_PROGRESS {"stage":"wizard step 0","scene":"See it, kick it","time":1789090598503,"tick":341}
MAC_LAB_PROGRESS {"stage":"wizard step 1","scene":"See it, kick it","time":1789090598518,"tick":341}
MAC_LAB_PROGRESS {"tick":341,"scene":"See it, kick it","time":1789090598525,"stage":"wizard step 2"}
MAC_LAB_PROGRESS {"stage":"wizard launch complete","scene":"Out of sight","time":1789090599486,"tick":35}
MAC_LAB_PROGRESS {"stage":"occlusion wait for configured world","scene":"Out of sight","time":1789090599486,"tick":35}
MAC_LAB_PROGRESS {"stage":"occlusion observe default run","scene":"Out of sight","time":1789090599486,"tick":35}
MAC_LAB_PROGRESS {"stage":"occlusion pause default run","scene":"Out of sight","time":1789090604494,"tick":259}
MAC_LAB_PROGRESS {"tick":260,"scene":"Out of sight","time":1789090605484,"stage":"occlusion resume open-ended run"}
MAC_LAB_PROGRESS {"tick":307,"scene":"Out of sight","time":1789090606494,"stage":"occlusion pause open-ended run"}
MAC_LAB_PROGRESS {"tick":308,"scene":"Out of sight","time":1789090608483,"stage":"occlusion disconnect motor and feedback"}
MAC_LAB_PROGRESS {"tick":308,"scene":"Out of sight","time":1789090609483,"stage":"occlusion step disconnected circuit"}
MAC_LAB_PROGRESS {"tick":313,"scene":"Out of sight","time":1789090610484,"stage":"occlusion reconnect motor and feedback"}
MAC_LAB_PROGRESS {"stage":"occlusion reduce command gain","scene":"Out of sight","time":1789090611483,"tick":313}
MAC_LAB_PROGRESS {"tick":313,"scene":"Out of sight","time":1789090612483,"stage":"occlusion step reconnected circuit"}
MAC_LAB_PROGRESS {"tick":318,"scene":"Out of sight","time":1789090613483,"stage":"occlusion interact with the live scene"}
MAC_LAB_PROGRESS {"tick":318,"scene":"Out of sight","time":1789090617484,"stage":"catalog flock"}
MAC_LAB_PROGRESS {"tick":318,"scene":"Out of sight","time":1789090617499,"stage":"wizard step 0"}
MAC_LAB_PROGRESS {"tick":318,"scene":"Out of sight","time":1789090617518,"stage":"wizard step 1"}
MAC_LAB_PROGRESS {"tick":318,"scene":"Out of sight","time":1789090617525,"stage":"wizard step 2"}
MAC_LAB_PROGRESS {"tick":13,"scene":"Follow the flock","time":1789090618493,"stage":"wizard launch complete"}
MAC_LAB_PROGRESS {"tick":13,"scene":"Follow the flock","time":1789090618493,"stage":"flock wait for configured world"}
MAC_LAB_PROGRESS {"tick":13,"scene":"Follow the flock","time":1789090618494,"stage":"flock observe default run"}
MAC_LAB_PROGRESS {"stage":"flock pause default run","scene":"Follow the flock","time":1789090627486,"tick":260}
MAC_LAB_PROGRESS {"tick":261,"scene":"Follow the flock","time":1789090628484,"stage":"flock resume open-ended run"}
MAC_LAB_PROGRESS {"tick":320,"scene":"Follow the flock","time":1789090630484,"stage":"flock pause open-ended run"}
MAC_LAB_PROGRESS {"tick":321,"scene":"Follow the flock","time":1789090632484,"stage":"flock disconnect motor and feedback"}
MAC_LAB_PROGRESS {"stage":"flock step disconnected circuit","scene":"Follow the flock","time":1789090633485,"tick":321}
MAC_LAB_PROGRESS {"tick":326,"scene":"Follow the flock","time":1789090634485,"stage":"flock reconnect motor and feedback"}
MAC_LAB_PROGRESS {"tick":326,"scene":"Follow the flock","time":1789090635484,"stage":"flock reduce command gain"}
MAC_LAB_PROGRESS {"stage":"flock step reconnected circuit","scene":"Follow the flock","time":1789090636483,"tick":326}
MAC_LAB_PROGRESS {"stage":"flock interact with the live scene","scene":"Follow the flock","time":1789090637484,"tick":331}
MAC_LAB_PROGRESS {"stage":"catalog loom","scene":"Follow the flock","time":1789090641484,"tick":331}
MAC_LAB_PROGRESS {"stage":"wizard step 0","scene":"Follow the flock","time":1789090641501,"tick":331}
MAC_LAB_PROGRESS {"stage":"wizard step 1","scene":"Follow the flock","time":1789090641516,"tick":331}
MAC_LAB_PROGRESS {"tick":331,"scene":"Follow the flock","time":1789090641525,"stage":"wizard step 2"}
MAC_LAB_PROGRESS {"tick":29,"scene":"Approaching threat","time":1789090642503,"stage":"wizard launch complete"}
MAC_LAB_PROGRESS {"stage":"loom wait for configured world","scene":"Approaching threat","time":1789090642503,"tick":29}
MAC_LAB_PROGRESS {"stage":"loom observe default run","scene":"Approaching threat","time":1789090642503,"tick":29}
MAC_LAB_PROGRESS {"stage":"loom pause default run","scene":"Approaching threat","time":1789090648495,"tick":285}
MAC_LAB_PROGRESS {"stage":"loom resume open-ended run","scene":"Approaching threat","time":1789090649485,"tick":286}
MAC_LAB_PROGRESS {"stage":"loom pause open-ended run","scene":"Approaching threat","time":1789090650501,"tick":333}
MAC_LAB_PROGRESS {"stage":"loom disconnect motor and feedback","scene":"Approaching threat","time":1789090652484,"tick":333}
MAC_LAB_PROGRESS {"stage":"loom step disconnected circuit","scene":"Approaching threat","time":1789090653483,"tick":333}
MAC_LAB_PROGRESS {"stage":"loom reconnect motor and feedback","scene":"Approaching threat","time":1789090654484,"tick":338}
MAC_LAB_PROGRESS {"tick":338,"scene":"Approaching threat","time":1789090655484,"stage":"loom reduce command gain"}
MAC_LAB_PROGRESS {"tick":338,"scene":"Approaching threat","time":1789090656484,"stage":"loom step reconnected circuit"}
MAC_LAB_PROGRESS {"tick":343,"scene":"Approaching threat","time":1789090657484,"stage":"loom interact with the live scene"}
MAC_LAB_PROGRESS {"tick":343,"scene":"Approaching threat","time":1789090661484,"stage":"catalog vision"}
MAC_LAB_PROGRESS {"tick":343,"scene":"Approaching threat","time":1789090661502,"stage":"wizard step 0"}
MAC_LAB_PROGRESS {"tick":343,"scene":"Approaching threat","time":1789090661515,"stage":"wizard step 1"}
MAC_LAB_PROGRESS {"tick":343,"scene":"Approaching threat","time":1789090661521,"stage":"wizard step 2"}
MAC_LAB_PROGRESS {"stage":"wizard launch complete","scene":"Retinal motion lab","time":1789090662484,"tick":14}
MAC_LAB_PROGRESS {"stage":"vision wait for configured world","scene":"Retinal motion lab","time":1789090662484,"tick":14}
MAC_LAB_PROGRESS {"stage":"vision observe default run","scene":"Retinal motion lab","time":1789090662484,"tick":14}
MAC_LAB_PROGRESS {"tick":268,"scene":"Retinal motion lab","time":1789090671497,"stage":"vision pause default run"}
MAC_LAB_PROGRESS {"tick":269,"scene":"Retinal motion lab","time":1789090672485,"stage":"vision resume open-ended run"}
MAC_LAB_PROGRESS {"tick":302,"scene":"Retinal motion lab","time":1789090673496,"stage":"vision pause open-ended run"}
MAC_LAB_PROGRESS {"tick":303,"scene":"Retinal motion lab","time":1789090675487,"stage":"vision disconnect motor and feedback"}
MAC_LAB_PROGRESS {"tick":303,"scene":"Retinal motion lab","time":1789090676484,"stage":"vision step disconnected circuit"}
MAC_LAB_PROGRESS {"tick":308,"scene":"Retinal motion lab","time":1789090677484,"stage":"vision reconnect motor and feedback"}
MAC_LAB_PROGRESS {"tick":308,"scene":"Retinal motion lab","time":1789090678484,"stage":"vision reduce command gain"}
MAC_LAB_PROGRESS {"stage":"vision step reconnected circuit","scene":"Retinal motion lab","time":1789090679484,"tick":308}
MAC_LAB_PROGRESS {"tick":313,"scene":"Retinal motion lab","time":1789090680487,"stage":"vision interact with the live scene"}
MAC_LAB_PROGRESS {"tick":313,"scene":"Retinal motion lab","time":1789090684485,"stage":"catalog empty"}
MAC_LAB_PROGRESS {"stage":"wizard step 0","scene":"Retinal motion lab","time":1789090684500,"tick":313}
MAC_LAB_PROGRESS {"stage":"wizard step 1","scene":"Retinal motion lab","time":1789090684517,"tick":313}
MAC_LAB_PROGRESS {"stage":"wizard step 2","scene":"Retinal motion lab","time":1789090684522,"tick":313}
MAC_LAB_PROGRESS {"tick":35,"scene":"Open arena","time":1789090685489,"stage":"wizard launch complete"}
MAC_LAB_PROGRESS {"tick":35,"scene":"Open arena","time":1789090685489,"stage":"empty wait for configured world"}
MAC_LAB_PROGRESS {"tick":35,"scene":"Open arena","time":1789090685489,"stage":"empty observe default run"}
MAC_LAB_PROGRESS {"tick":265,"scene":"Open arena","time":1789090690485,"stage":"empty pause default run"}
MAC_LAB_PROGRESS {"tick":265,"scene":"Open arena","time":1789090691485,"stage":"empty resume open-ended run"}
MAC_LAB_PROGRESS {"stage":"empty pause open-ended run","scene":"Open arena","time":1789090692485,"tick":305}
MAC_LAB_PROGRESS {"tick":306,"scene":"Open arena","time":1789090694485,"stage":"empty disconnect motor and feedback"}
MAC_LAB_PROGRESS {"stage":"empty step disconnected circuit","scene":"Open arena","time":1789090695484,"tick":306}
MAC_LAB_PROGRESS {"tick":311,"scene":"Open arena","time":1789090696485,"stage":"empty reconnect motor and feedback"}
MAC_LAB_PROGRESS {"tick":311,"scene":"Open arena","time":1789090697485,"stage":"empty reduce command gain"}
MAC_LAB_PROGRESS {"tick":311,"scene":"Open arena","time":1789090698484,"stage":"empty step reconnected circuit"}
MAC_LAB_PROGRESS {"tick":316,"scene":"Open arena","time":1789090699484,"stage":"empty interact with the live scene"}
MAC_LAB_PROGRESS {"stage":"distant beacon and prop physics regressions","scene":"Open arena","time":1789090701484,"tick":321}
MAC_LAB_PROGRESS {"tick":321,"scene":"Open arena","time":1789090701503,"stage":"wizard step 0"}
MAC_LAB_PROGRESS {"tick":321,"scene":"Open arena","time":1789090701516,"stage":"wizard step 1"}
MAC_LAB_PROGRESS {"tick":321,"scene":"Open arena","time":1789090701526,"stage":"wizard step 2"}
MAC_LAB_PROGRESS {"stage":"wizard launch complete","scene":"Follow the beacon","time":1789090702493,"tick":39}
MAC_LAB_PROGRESS {"tick":326,"scene":"Follow the beacon","time":1789090723559,"stage":"wizard step 0"}
MAC_LAB_PROGRESS {"stage":"wizard step 1","scene":"Follow the beacon","time":1789090723581,"tick":326}
MAC_LAB_PROGRESS {"stage":"wizard step 2","scene":"Follow the beacon","time":1789090723592,"tick":326}
MAC_LAB_PROGRESS {"tick":20,"scene":"Follow the beacon","time":1789090724513,"stage":"wizard launch complete"}
MAC_LAB_RECEIPT {"version":4,"covered":{"collisions":0,"ducks":[{"id":"duck-1","speed":0.16496465546078687,"position":[0.29318388622378905,-0.0087452340884387643,0.11973285498938559],"neural":{"yaw":0.040611548728217581,"spikes":25357,"forward":45.617774108924316,"vx":0.29999999999999999},"neighborVisible":false,"area":0,"tilt":3.0653518672076285,"input":{"headReason":"Neutral head","loomL":0,"age":0,"head":[0,0,0,0],"loomPathway":"both","gate":true,"reason":"Target absent from camera","turn":0,"loomR":0,"fresh":true,"forward":0,"gateReason":"Target absent"},"visible":false,"command":[0,0.040611548728217581],"fallen":false,"distance":0.41886732693708922,"temporal":null,"pixels":0}],"loop":{"speed":0.16496465546078687,"mappingActive":true,"perception":"Eyes covered","neural":[0.29999999999999999,0.040611548728217581],"feedback":{"drive":0.70224196235746528,"enabled":true,"phase":0.91534039474026896},"sampledAt":6.5199999999998832,"reason":"Target absent","mapping":{"turn":"follow","forward":"walk"},"command":[0,0.040611548728217581],"mappingSummary":"Walk · Follow the turn","status":"Paused · Run or Step to advance","pixels":0},"paused":true,"time":6.5199999999998832,"tick":326},"scenarios":[{"id":"target","title":"Follow the beacon","openEnded":{"collisions":0,"tick":1630,"loop":{"speed":0.0011738688736152095,"mappingActive":true,"perception":"No cue detected","neural":[0,-0.10301765669009867],"feedback":{"enabled":true,"phase":0.00010303966280211796,"drive":0.0043952735009448853},"sampledAt":32.599999999998225,"reason":"Target absent","command":[0,-0.10301765669009867],"mappingSummary":"Walk · Follow the turn","mapping":{"forward":"walk","turn":"follow"},"status":"Beacon lost · forward blocked","pixels":0},"paused":false,"ducks":[{"speed":0.0011738688736152095,"id":"duck-1","position":[0.78046755788059741,-0.0073162356436241808,0.11635754444996554],"neural":{"yaw":-0.10301765669009867,"spikes":120141,"forward":1.379799222341193,"vx":0},"neighborVisible":false,"area":0,"tilt":0.33455021690438635,"input":{"headReason":"Neutral head","loomL":0,"age":0.079999999998214832,"head":[0,0,0,0],"loomPathway":"both","gate":true,"gateReason":"Target absent","loomR":0,"turn":0,"fresh":true,"forward":0,"reason":"Target absent from camera"},"visible":false,"command":[0,-0.10301765669009867],"fallen":false,"distance":1.1827919654868939,"temporal":null,"pixels":0}],"time":32.599999999998225},"samples":[{"tick":55,"ducks":[{"id":"duck-1","speed":0.14944651057549496,"position":[0.074241330194024818,-0.015843721037198874,0.11792002437759186],"neural":{"yaw":0.39421654587224103,"spikes":4703,"forward":108.25135133712362,"vx":0.29999999999999999},"neighborVisible":false,"area":0.0017903645833333333,"tilt":1.8451476084339276,"input":{"headReason":"Neutral head","loomL":0,"age":0.079999999999998961,"head":[0,0,0,0],"loomPathway":"both","gate":false,"reason":"Target visible through camera","loomR":0,"turn":0.022220095693779925,"fresh":true,"forward":0.12,"gateReason":"None"},"visible":true,"command":[0.29999999999999999,0.39421654587224103],"fallen":false,"distance":0.11342122481728387,"temporal":null,"pixels":11}],"loop":{"speed":0.14944651057549496,"mappingActive":true,"perception":"Beacon visible","neural":[0.29999999999999999,0.39421654587224103],"feedback":{"enabled":true,"phase":0.060124541186776126,"drive":0.85251208646385002},"sampledAt":1.0999999999999985,"reason":"Fly circuit drives walking","command":[0.29999999999999999,0.39421654587224103],"mappingSummary":"Walk · Follow the turn","mapping":{"forward":"walk","turn":"follow"},"status":"Walking · body responding","pixels":11},"paused":false,"time":1.0999999999999985,"collisions":0},{"tick":55,"time":1.0999999999999985,"loop":{"speed":0.14944651057549496,"mappingActive":true,"perception":"Beacon visible","neural":[0.29999999999999999,0.39421654587224103],"feedback":{"enabled":true,"phase":0.060124541186776126,"drive":0.85251208646385002},"sampledAt":1.0999999999999985,"reason":"Fly circuit drives walking","command":[0.29999999999999999,0.39421654587224103],"mappingSummary":"Walk · Follow the turn","mapping":{"forward":"walk","turn":"follow"},"status":"Walking · body responding","pixels":11},"paused":false,"ducks":[{"id":"duck-1","speed":0.14944651057549496,"position":[0.074241330194024818,-0.015843721037198874,0.11792002437759186],"neural":{"yaw":0.39421654587224103,"spikes":4703,"forward":108.25135133712362,"vx":0.29999999999999999},"neighborVisible":false,"area":0.0017903645833333333,"tilt":1.8451476084339276,"input":{"headReason":"Neutral head","loomL":0,"age":0.079999999999998961,"head":[0,0,0,0],"loomPathway":"both","gate":false,"reason":"Target visible through camera","loomR":0,"turn":0.022220095693779925,"fresh":true,"forward":0.12,"gateReason":"None"},"visible":true,"command":[0.29999999999999999,0.39421654587224103],"fallen":false,"distance":0.11342122481728387,"temporal":null,"pixels":11}],"collisions":0},{"ducks":[{"id":"duck-1","speed":0.21170340940838631,"position":[0.16105661683634498,-0.0067681377108634788,0.11751769900738461],"neural":{"yaw":0.04350789485857099,"spikes":8262,"forward":105.3168171032098,"vx":0.29999999999999999},"neighborVisible":false,"area":0.0022786458333333335,"tilt":2.4688654569442043,"input":{"headReason":"Neutral head","loomL":0,"age":0.039999999999982716,"head":[0,0,0,0],"loomPathway":"both","gate":false,"reason":"Target visible through camera","loomR":0,"turn":0.0067669172932330723,"fresh":true,"gateReason":"None","forward":0.12},"visible":true,"command":[0.29999999999999999,0.04350789485857099],"fallen":false,"temporal":null,"distance":0.23758460811270324,"pixels":14}],"collisions":0,"loop":{"speed":0.21170340940838631,"mappingActive":true,"perception":"Beacon visible","neural":[0.29999999999999999,0.04350789485857099],"feedback":{"phase":0.93766997808450425,"drive":1,"enabled":true},"sampledAt":1.8599999999999823,"reason":"Fly circuit drives walking","mapping":{"turn":"follow","forward":"walk"},"mappingSummary":"Walk · Follow the turn","command":[0.29999999999999999,0.04350789485857099],"status":"Walking · body responding","pixels":14},"paused":false,"time":1.8599999999999823,"tick":93},{"tick":131,"time":2.6199999999999664,"loop":{"speed":0.12491568486181168,"mappingActive":true,"perception":"Beacon visible","neural":[0.29999999999999999,-0.28434191535995579],"feedback":{"drive":0.81950340647420628,"enabled":true,"phase":0.031017235162196011},"sampledAt":2.6199999999999664,"reason":"Fly circuit drives walking","mapping":{"turn":"follow","forward":"walk"},"command":[0.29999999999999999,-0.28434191535995579],"mappingSummary":"Walk · Follow the turn","pixels":21,"status":"Walking · body responding"},"paused":false,"ducks":[{"speed":0.12491568486181168,"id":"duck-1","position":[0.24929553923634301,0.0049910943368336085,0.1205703125144035],"neural":{"yaw":-0.28434191535995579,"spikes":11861,"forward":109.14466351581849,"vx":0.29999999999999999},"neighborVisible":false,"area":0.00341796875,"tilt":3.3404681397503087,"input":{"headReason":"Neutral head","loomL":0,"age":0,"head":[0,0,0,0],"loomPathway":"both","gate":false,"reason":"Target visible through camera","turn":-0.0094736842105263043,"gateReason":"None","fresh":true,"forward":0.12,"loomR":0},"visible":true,"command":[0.29999999999999999,-0.28434191535995579],"fallen":false,"distance":0.36439539324944259,"temporal":null,"pixels":21}],"collisions":0},{"collisions":0,"time":2.6199999999999664,"loop":{"speed":0.12491568486181168,"mappingActive":true,"perception":"Beacon visible","neural":[0.29999999999999999,-0.28434191535995579],"feedback":{"drive":0.81950340647420628,"enabled":true,"phase":0.031017235162196011},"sampledAt":2.6199999999999664,"reason":"Fly circuit drives walking","mapping":{"turn":"follow","forward":"walk"},"command":[0.29999999999999999,-0.28434191535995579],"mappingSummary":"Walk · Follow the turn","pixels":21,"status":"Walking · body responding"},"paused":false,"ducks":[{"speed":0.12491568486181168,"id":"duck-1","position":[0.24929553923634301,0.0049910943368336085,0.1205703125144035],"neural":{"yaw":-0.28434191535995579,"spikes":11861,"forward":109.14466351581849,"vx":0.29999999999999999},"neighborVisible":false,"area":0.00341796875,"tilt":3.3404681397503087,"input":{"headReason":"Neutral head","loomL":0,"age":0,"head":[0,0,0,0],"loomPathway":"both","gate":false,"reason":"Target visible through camera","turn":-0.0094736842105263043,"gateReason":"None","fresh":true,"forward":0.12,"loomR":0},"visible":true,"command":[0.29999999999999999,-0.28434191535995579],"fallen":false,"distance":0.36439539324944259,"temporal":null,"pixels":21}],"tick":131},{"collisions":0,"ducks":[{"speed":0.22356196711930462,"id":"duck-1","position":[0.33545077880681762,-0.0087630707005431629,0.11712076213146709],"neural":{"yaw":0.58768467173268479,"spikes":15406,"forward":105.04703970184033,"vx":0.29999999999999999},"neighborVisible":false,"area":0.00390625,"tilt":2.4141105642922636,"input":{"headReason":"Neutral head","loomL":0,"head":[0,0,0,0],"age":0.039999999999950742,"loomPathway":"both","gate":false,"reason":"Target visible through camera","loomR":0,"gateReason":"None","turn":0.012157894736842123,"fresh":true,"forward":0.12},"visible":true,"command":[0.29999999999999999,0.58768467173268479],"fallen":false,"distance":0.48772365569931431,"temporal":null,"pixels":24}],"loop":{"speed":0.22356196711930462,"mappingActive":true,"perception":"Beacon visible","neural":[0.29999999999999999,0.58768467173268479],"feedback":{"drive":1,"phase":0.95642915558924391,"enabled":true},"sampledAt":3.3599999999999506,"reason":"Fly circuit drives walking","command":[0.29999999999999999,0.58768467173268479],"mappingSummary":"Walk · Follow the turn","mapping":{"forward":"walk","turn":"follow"},"pixels":24,"status":"Walking · body responding"},"paused":false,"time":3.3599999999999506,"tick":168},{"collisions":0,"time":4.139999999999934,"loop":{"speed":0.10509624372774078,"mappingActive":true,"perception":"Beacon visible","neural":[0.29999999999999999,0.50417265740295125],"feedback":{"phase":0.0018894975049497109,"enabled":true,"drive":0.39679177211521893},"sampledAt":4.139999999999934,"reason":"Fly circuit drives walking","mapping":{"forward":"walk","turn":"follow"},"mappingSummary":"Walk · Follow the turn","command":[0.29999999999999999,0.50417265740295125],"status":"Walking · body responding","pixels":40},"paused":false,"ducks":[{"id":"duck-1","speed":0.10509624372774078,"position":[0.43059870897553898,-0.02074621691379494,0.12046939033576892],"neural":{"yaw":0.50417265740295125,"spikes":19100,"forward":105.62008394736274,"vx":0.29999999999999999},"neighborVisible":false,"area":0.006510416666666667,"tilt":3.621149365822542,"input":{"headReason":"Neutral head","loomL":0,"age":0.019999999999934737,"head":[0,0,0,0],"loomPathway":"both","gate":false,"reason":"Target visible through camera","turn":0.010421052631578939,"gateReason":"None","fresh":true,"forward":0.12,"loomR":0},"visible":true,"command":[0.29999999999999999,0.50417265740295125],"fallen":false,"temporal":null,"distance":0.61973555822382309,"pixels":40}],"tick":207},{"collisions":0,"time":4.139999999999934,"loop":{"speed":0.10509624372774078,"mappingActive":true,"perception":"Beacon visible","neural":[0.29999999999999999,0.50417265740295125],"feedback":{"phase":0.0018894975049497109,"enabled":true,"drive":0.39679177211521893},"sampledAt":4.139999999999934,"reason":"Fly circuit drives walking","mapping":{"forward":"walk","turn":"follow"},"mappingSummary":"Walk · Follow the turn","command":[0.29999999999999999,0.50417265740295125],"status":"Walking · body responding","pixels":40},"paused":false,"ducks":[{"id":"duck-1","speed":0.10509624372774078,"position":[0.43059870897553898,-0.02074621691379494,0.12046939033576892],"neural":{"yaw":0.50417265740295125,"spikes":19100,"forward":105.62008394736274,"vx":0.29999999999999999},"neighborVisible":false,"area":0.006510416666666667,"tilt":3.621149365822542,"input":{"headReason":"Neutral head","loomL":0,"age":0.019999999999934737,"head":[0,0,0,0],"loomPathway":"both","gate":false,"reason":"Target visible through camera","turn":0.010421052631578939,"gateReason":"None","fresh":true,"forward":0.12,"loomR":0},"visible":true,"command":[0.29999999999999999,0.50417265740295125],"fallen":false,"distance":0.61973555822382309,"temporal":null,"pixels":40}],"tick":207},{"tick":250,"ducks":[{"id":"duck-1","speed":0.10943532330061163,"position":[0.53255478290342007,-0.021036295281747473,0.12039302780924536],"neural":{"yaw":0.42317180113873754,"spikes":23205,"forward":104.19804109839856,"vx":0.29999999999999999},"neighborVisible":false,"area":0.011067708333333334,"tilt":3.2837220783531968,"input":{"headReason":"Neutral head","loomL":0,"age":0.079999999999915694,"head":[0,0,0,0],"loomPathway":"both","gate":false,"reason":"Target visible through camera","turn":0.028086687306501556,"loomR":0,"fresh":true,"forward":0.12,"gateReason":"None"},"visible":true,"command":[0.29999999999999999,0.42317180113873754],"fallen":false,"distance":0.7647885580038547,"temporal":null,"pixels":68}],"loop":{"speed":0.10943532330061163,"mappingActive":true,"perception":"Beacon visible","neural":[0.29999999999999999,0.42317180113873754],"feedback":{"phase":0.010436977109555157,"drive":0.55276824425576709,"enabled":true},"sampledAt":4.9999999999999156,"reason":"Fly circuit drives walking","mapping":{"forward":"walk","turn":"follow"},"mappingSummary":"Walk · Follow the turn","command":[0.29999999999999999,0.42317180113873754],"status":"Walking · body responding","pixels":68},"paused":false,"time":4.9999999999999156,"collisions":0},{"ducks":[{"speed":0.10943532330061163,"id":"duck-1","position":[0.53255478290342007,-0.021036295281747473,0.12039302780924536],"neural":{"yaw":0.42317180113873754,"spikes":23205,"forward":104.19804109839856,"vx":0.29999999999999999},"neighborVisible":false,"area":0.011067708333333334,"tilt":3.2837220783531968,"input":{"headReason":"Neutral head","loomL":0,"age":0.079999999999915694,"head":[0,0,0,0],"loomPathway":"both","gate":false,"reason":"Target visible through camera","turn":0.028086687306501556,"loomR":0,"fresh":true,"forward":0.12,"gateReason":"None"},"visible":true,"command":[0.29999999999999999,0.42317180113873754],"fallen":false,"distance":0.7647885580038547,"temporal":null,"pixels":68}],"tick":250,"loop":{"speed":0.10943532330061163,"mappingActive":true,"perception":"Beacon visible","neural":[0.29999999999999999,0.42317180113873754],"feedback":{"phase":0.010436977109555157,"drive":0.55276824425576709,"enabled":true},"sampledAt":4.9999999999999156,"reason":"Fly circuit drives walking","mapping":{"forward":"walk","turn":"follow"},"mappingSummary":"Walk · Follow the turn","command":[0.29999999999999999,0.42317180113873754],"status":"Walking · body responding","pixels":68},"paused":false,"time":4.9999999999999156,"collisions":0}],"final":{"collisions":0,"ducks":[{"speed":0.10943532330061163,"id":"duck-1","position":[0.53255478290342007,-0.021036295281747473,0.12039302780924536],"neural":{"yaw":0.42317180113873754,"spikes":23205,"forward":104.19804109839856,"vx":0.29999999999999999},"neighborVisible":false,"area":0.011067708333333334,"tilt":3.2837220783531968,"input":{"headReason":"Neutral head","loomL":0,"age":0.079999999999915694,"head":[0,0,0,0],"loomPathway":"both","gate":false,"gateReason":"None","loomR":0,"turn":0.028086687306501556,"reason":"Target visible through camera","forward":0.12,"fresh":true},"visible":true,"command":[0.29999999999999999,0.42317180113873754],"fallen":false,"distance":0.7647885580038547,"temporal":null,"pixels":68}],"loop":{"speed":0.10943532330061163,"mappingActive":true,"perception":"Beacon visible","neural":[0.29999999999999999,0.42317180113873754],"feedback":{"phase":0.010436977109555157,"enabled":true,"drive":0.55276824425576709},"sampledAt":4.9999999999999156,"reason":"Fly circuit drives walking","command":[0.29999999999999999,0.42317180113873754],"mappingSummary":"Walk · Follow the turn","mapping":{"forward":"walk","turn":"follow"},"status":"Paused · Run or Step to advance","pixels":68},"paused":true,"time":4.9999999999999156,"tick":250}},{"id":"stop-go","openEnded":{"tick":320,"collisions":0,"loop":{"speed":0.17802192332536365,"mappingActive":true,"perception":"Stereo sequence active","neural":[0.29999999999999999,0.062253136210241651],"feedback":{"drive":0.66721298253127448,"phase":0.98593443621261856,"enabled":true},"sampledAt":6.3999999999998858,"reason":"Fly circuit drives walking","mapping":{"turn":"follow","forward":"walk"},"mappingSummary":"Walk · Follow the turn","command":[0.29999999999999999,0.062253136210241651],"pixels":0,"status":"Walking · body responding"},"paused":false,"time":6.3999999999998858,"ducks":[{"id":"duck-1","speed":0.17802192332536365,"position":[0.13112267320488136,0.019215110809557245,0.11929500553052705],"neural":{"yaw":0.062253136210241651,"spikes":41464,"forward":113.3542651252678,"vx":0.29999999999999999},"neighborVisible":false,"area":0,"tilt":3.2609275784715552,"input":{"headReason":"Matched study head motion","loomL":0,"head":[-0.0027217581359978925,0,-0.064457866680031173,0],"age":0.019999999999885887,"loomPathway":"both","gate":false,"gateReason":"None","loomR":0,"turn":0,"reason":"Experimental tonic walking drive","forward":0.12,"fresh":true},"visible":false,"command":[0.29999999999999999,0.062253136210241651],"fallen":false,"distance":0.19586502424220595,"temporal":{"held":false,"fresh":true,"gfEvents":1},"pixels":0}]},"samples":[{"tick":42,"time":0.84000000000000064,"loop":{"speed":0.00059204583338228855,"mappingActive":true,"perception":"Stereo sequence active","neural":[0,0],"feedback":{"drive":0.0086024548117639762,"phase":1.8402937766337502e-05,"enabled":true},"sampledAt":0.84000000000000064,"reason":"Experimental GF hazard hold","command":[0,0],"mapping":{"forward":"walk","turn":"follow"},"mappingSummary":"Walk · Follow the turn","status":"Experimental GF hazard hold","pixels":0},"paused":false,"ducks":[{"id":"duck-1","speed":0.00059204583338228855,"position":[0.0020432099194318525,0.00034341420696037262,0.11655152779116129],"neural":{"yaw":0,"spikes":19945,"forward":114.72653469583391,"vx":0},"neighborVisible":false,"area":0,"tilt":0.76463857509433319,"input":{"headReason":"Matched study head motion","loomL":0,"age":0.020000000000000573,"head":[-0.019705761600519633,0,-0.024070596863205892,0],"loomPathway":"both","gate":false,"reason":"Experimental tonic walking drive","loomR":0,"turn":0,"fresh":true,"forward":0.12,"gateReason":"None"},"visible":false,"command":[0,0],"fallen":false,"temporal":{"held":true,"fresh":true,"gfEvents":1},"distance":0.0034240988072316105,"pixels":0}],"collisions":0},{"collisions":0,"tick":64,"loop":{"speed":0.0006719652885786671,"mappingActive":true,"perception":"Stereo sequence active","neural":[0.29999999999999999,0.078151309269371513],"feedback":{"enabled":true,"drive":0.00025303748967391812,"phase":0.00014290659073745715},"sampledAt":1.2799999999999947,"reason":"Experimental GF hazard hold","mapping":{"turn":"follow","forward":"walk"},"command":[0,0],"mappingSummary":"Walk · Follow the turn","pixels":0,"status":"Experimental GF hazard hold"},"paused":false,"ducks":[{"id":"duck-1","speed":0.0006719652885786671,"position":[0.0020524071131639374,0.00036159828421925943,0.11653699873183912],"neural":{"yaw":0.078151309269371513,"spikes":21567,"forward":113.57628916807357,"vx":0.29999999999999999},"neighborVisible":false,"area":0,"tilt":0.78608978628859483,"input":{"headReason":"Matched study head motion","loomL":0,"head":[0.010934022182854733,0,0.091075792718660301,0],"age":0.019999999999995133,"loomPathway":"both","gate":false,"reason":"Experimental tonic walking drive","loomR":0,"gateReason":"None","fresh":true,"forward":0.12,"turn":0},"visible":false,"command":[0,0],"fallen":false,"temporal":{"fresh":true,"gfEvents":1,"held":true},"distance":0.00355411365675637,"pixels":0}],"time":1.2799999999999947},{"time":1.8399999999999828,"tick":92,"loop":{"speed":0.00034542898367970909,"mappingActive":true,"perception":"Stereo sequence active","neural":[0.29999999999999999,0.30577348353523148],"feedback":{"phase":0.00027387287076297007,"drive":0.0020526128612893368,"enabled":true},"sampledAt":1.8399999999999828,"reason":"Experimental GF hazard hold","mapping":{"forward":"walk","turn":"follow"},"mappingSummary":"Walk · Follow the turn","command":[0,0],"pixels":0,"status":"Experimental GF hazard hold"},"paused":false,"ducks":[{"id":"duck-1","speed":0.00034542898367970909,"position":[0.0020104101693400045,0.00037614664916032294,0.11651991334942681],"neural":{"yaw":0.30577348353523148,"spikes":23643,"forward":114.18597109854853,"vx":0.29999999999999999},"neighborVisible":false,"area":0,"tilt":0.76846759257455699,"input":{"headReason":"Matched study head motion","loomL":0,"age":0.019999999999983142,"head":[0.038376083007628417,0,0.11694853881686317,0],"loomPathway":"both","gate":false,"gateReason":"None","loomR":0,"reason":"Experimental tonic walking drive","fresh":true,"forward":0.12,"turn":0},"visible":false,"command":[0,0],"fallen":false,"temporal":{"gfEvents":1,"fresh":true,"held":true},"distance":0.0036786574625818774,"pixels":0}],"collisions":0},{"ducks":[{"speed":0.00019533126801267694,"id":"duck-1","position":[0.00198755496497534,0.00038305436459486658,0.11650281130948655],"neural":{"yaw":-0.042082549913366976,"spikes":25684,"forward":112.66675557389134,"vx":0.29999999999999999},"neighborVisible":false,"area":0,"tilt":0.75718090806678151,"input":{"headReason":"Matched study head motion","loomL":0,"head":[0.030017350828156597,0,-0.01333961192271931,0],"age":0.019999999999971596,"loomPathway":"both","gate":false,"reason":"Experimental tonic walking drive","loomR":0,"turn":0,"fresh":true,"forward":0.12,"gateReason":"None"},"visible":false,"command":[0,0],"fallen":false,"temporal":{"fresh":true,"held":true,"gfEvents":1},"distance":0.0037771645756697197,"pixels":0}],"tick":120,"loop":{"speed":0.00019533126801267694,"mappingActive":true,"perception":"Stereo sequence active","neural":[0.29999999999999999,-0.042082549913366976],"feedback":{"phase":0.0002501768837148699,"enabled":true,"drive":0.002987017905753959},"sampledAt":2.399999999999971,"reason":"Experimental GF hazard hold","mapping":{"forward":"walk","turn":"follow"},"mappingSummary":"Walk · Follow the turn","command":[0,0],"pixels":0,"status":"Experimental GF hazard hold"},"paused":false,"time":2.399999999999971,"collisions":0},{"time":2.9799999999999587,"tick":149,"loop":{"speed":0.00064587491266785378,"mappingActive":true,"perception":"Stereo sequence active","neural":[0.29999999999999999,0.33310884409278702],"feedback":{"drive":2.9045861617164325e-05,"phase":0.00011970227753432816,"enabled":true},"sampledAt":2.9799999999999587,"reason":"Experimental GF hazard hold","mapping":{"turn":"follow","forward":"walk"},"mappingSummary":"Walk · Follow the turn","command":[0,0],"status":"Experimental GF hazard hold","pixels":0},"paused":false,"ducks":[{"speed":0.00064587491266785378,"id":"duck-1","position":[0.001977974857762993,0.00038527119862905544,0.11649257876966489],"neural":{"yaw":0.33310884409278702,"spikes":27847,"forward":115.18371453168207,"vx":0.29999999999999999},"neighborVisible":false,"area":0,"tilt":0.75743929126272336,"input":{"headReason":"Matched study head motion","loomL":0,"age":0,"head":[-0.00776172249313971,0,-0.12702166835986695,0],"loomPathway":"both","gate":false,"gateReason":"None","turn":0,"loomR":0,"reason":"Experimental tonic walking drive","forward":0.12,"fresh":true},"visible":false,"command":[0,0],"fallen":false,"distance":0.0038827607065812946,"temporal":{"fresh":true,"held":true,"gfEvents":1},"pixels":0}],"collisions":0},{"time":3.5999999999999455,"collisions":0,"loop":{"speed":0.00035089080377094268,"mappingActive":true,"perception":"Stereo sequence active","neural":[0.29999999999999999,0.13186257786381561],"feedback":{"phase":0.99986163717628374,"drive":0.0023210623636959666,"enabled":true},"sampledAt":3.5999999999999455,"reason":"Experimental GF hazard hold","mapping":{"turn":"follow","forward":"walk"},"command":[0,0],"mappingSummary":"Walk · Follow the turn","pixels":0,"status":"Experimental GF hazard hold"},"paused":false,"ducks":[{"speed":0.00035089080377094268,"id":"duck-1","position":[0.0019404066155711847,0.00033018184696469621,0.11653263771669403],"neural":{"yaw":0.13186257786381561,"spikes":30134,"forward":113.61958785833725,"vx":0.29999999999999999},"neighborVisible":false,"area":0,"tilt":0.74677227961899251,"input":{"headReason":"Matched study head motion","loomL":0,"head":[-0.038660587592141554,0,-0.05018438329439294,0],"age":0.019999999999945839,"loomPathway":"both","gate":false,"gateReason":"None","turn":0,"loomR":0,"fresh":true,"reason":"Experimental tonic walking drive","forward":0.12},"visible":false,"command":[0,0],"fallen":false,"distance":0.0041191366771922326,"temporal":{"fresh":true,"gfEvents":1,"held":true},"pixels":0}],"tick":180},{"tick":180,"ducks":[{"speed":0.00035089080377094268,"id":"duck-1","position":[0.0019404066155711847,0.00033018184696469621,0.11653263771669403],"neural":{"yaw":0.13186257786381561,"spikes":30134,"forward":113.61958785833725,"vx":0.29999999999999999},"neighborVisible":false,"area":0,"tilt":0.74677227961899251,"input":{"headReason":"Matched study head motion","loomL":0,"head":[-0.038660587592141554,0,-0.05018438329439294,0],"age":0.019999999999945839,"loomPathway":"both","gate":false,"gateReason":"None","turn":0,"loomR":0,"fresh":true,"reason":"Experimental tonic walking drive","forward":0.12},"visible":false,"command":[0,0],"fallen":false,"distance":0.0041191366771922326,"temporal":{"fresh":true,"gfEvents":1,"held":true},"pixels":0}],"loop":{"speed":0.00035089080377094268,"mappingActive":true,"perception":"Stereo sequence active","neural":[0.29999999999999999,0.13186257786381561],"feedback":{"phase":0.99986163717628374,"drive":0.0023210623636959666,"enabled":true},"sampledAt":3.5999999999999455,"reason":"Experimental GF hazard hold","mapping":{"turn":"follow","forward":"walk"},"command":[0,0],"mappingSummary":"Walk · Follow the turn","pixels":0,"status":"Experimental GF hazard hold"},"paused":false,"time":3.5999999999999455,"collisions":0},{"collisions":0,"time":4.0799999999999352,"loop":{"speed":0.0017134622426034541,"mappingActive":true,"perception":"Stereo sequence active","neural":[0.29999999999999999,-0.042486124708475528],"feedback":{"enabled":true,"phase":0.0001707660131740063,"drive":0.00276260487062778},"sampledAt":4.0799999999999352,"reason":"Experimental GF hazard hold","mapping":{"forward":"walk","turn":"follow"},"mappingSummary":"Walk · Follow the turn","command":[0,0],"status":"Experimental GF hazard hold","pixels":0},"paused":false,"ducks":[{"speed":0.0017134622426034541,"id":"duck-1","position":[0.001921257636854516,0.0003511702487507832,0.11653450821821996],"neural":{"yaw":-0.042486124708475528,"spikes":31898,"forward":113.56672729575028,"vx":0.29999999999999999},"neighborVisible":false,"area":0,"tilt":0.76104744561256255,"input":{"headReason":"Matched study head motion","loomL":0,"head":[-0.032911783525670028,0,0.079093091995745934,0],"age":0.019999999999935625,"loomPathway":"both","gate":false,"gateReason":"None","turn":0,"loomR":0,"fresh":true,"forward":0.12,"reason":"Experimental tonic walking drive"},"visible":false,"command":[0,0],"fallen":false,"distance":0.0042899739198848253,"temporal":{"fresh":true,"gfEvents":1,"held":true},"pixels":0}],"tick":204},{"ducks":[{"id":"duck-1","speed":0.00047080988229466223,"position":[0.0019031677140580279,0.00036611882293732925,0.11653565112303527],"neural":{"yaw":-0.029378681749384298,"spikes":34103,"forward":115.05839446604183,"vx":0.29999999999999999},"neighborVisible":false,"area":0,"tilt":0.7584719438827634,"input":{"headReason":"Matched study head motion","loomL":0,"head":[0.004537778874439187,0,0.11882341084692405,0],"age":0.01999999999992319,"loomPathway":"both","gate":false,"gateReason":"None","reason":"Experimental tonic walking drive","loomR":0,"fresh":true,"forward":0.12,"turn":0},"visible":false,"command":[0,0],"fallen":false,"distance":0.0044340459572111803,"temporal":{"fresh":true,"held":true,"gfEvents":1},"pixels":0}],"tick":234,"loop":{"speed":0.00047080988229466223,"mappingActive":true,"perception":"Stereo sequence active","neural":[0.29999999999999999,-0.029378681749384298],"feedback":{"enabled":true,"drive":0.00044335357128996792,"phase":0.99962351041921915},"sampledAt":4.6799999999999224,"reason":"Experimental GF hazard hold","mapping":{"turn":"follow","forward":"walk"},"command":[0,0],"mappingSummary":"Walk · Follow the turn","pixels":0,"status":"Experimental GF hazard hold"},"paused":false,"time":4.6799999999999224,"collisions":0},{"time":5.2399999999999105,"collisions":0,"loop":{"speed":0.05854626259880371,"mappingActive":true,"perception":"Stereo sequence active","neural":[0.29999999999999999,0.24162659802497227],"feedback":{"phase":0.011971370968631989,"enabled":true,"drive":0.21820898087366597},"sampledAt":5.2399999999999105,"reason":"Fly circuit drives walking","command":[0.29999999999999999,0.24162659802497227],"mapping":{"turn":"follow","forward":"walk"},"mappingSummary":"Walk · Follow the turn","pixels":0,"status":"Walking · body responding"},"paused":false,"ducks":[{"id":"duck-1","speed":0.05854626259880371,"position":[0.014879987315408046,-0.00067251865287549584,0.11294341269142415],"neural":{"yaw":0.24162659802497227,"spikes":36229,"forward":111.75718766462137,"vx":0.29999999999999999},"neighborVisible":false,"area":0,"tilt":0.88514421964327483,"input":{"headReason":"Matched study head motion","loomL":0,"age":0.019999999999910756,"head":[0.036033404909479594,0,-0.0088040195639027246,0],"loomPathway":"both","gate":false,"reason":"Experimental tonic walking drive","turn":0,"loomR":0,"fresh":true,"forward":0.12,"gateReason":"None"},"visible":false,"command":[0.29999999999999999,0.24162659802497227],"fallen":false,"distance":0.018791554496355955,"temporal":{"fresh":true,"held":false,"gfEvents":1},"pixels":0}],"tick":262}],"title":"Stop, wait, go","final":{"time":5.2599999999999101,"collisions":0,"loop":{"speed":0.070794316137542737,"mappingActive":true,"perception":"Stereo sequence active","neural":[0.29999999999999999,0.19550170618321744],"feedback":{"enabled":true,"drive":0.29273131299401856,"phase":0.0069495632277336572},"sampledAt":5.2599999999999101,"reason":"Fly circuit drives walking","command":[0.29999999999999999,0.19550170618321744],"mappingSummary":"Walk · Follow the turn","mapping":{"turn":"follow","forward":"walk"},"status":"Paused · Run or Step to advance","pixels":0},"paused":true,"ducks":[{"id":"duck-1","speed":0.070794316137542737,"position":[0.01526685453274642,-0.0019358046393536581,0.1129040471768845],"neural":{"yaw":0.19550170618321744,"spikes":36315,"forward":117.56262765286475,"vx":0.29999999999999999},"neighborVisible":false,"area":0,"tilt":1.3208616513041744,"input":{"headReason":"Matched study head motion","loomL":0,"age":0,"head":[0.036635115102271611,0,-0.0144735102237148,0],"loomPathway":"both","gate":false,"gateReason":"None","turn":0,"loomR":0,"fresh":true,"forward":0.12,"reason":"Experimental tonic walking drive"},"visible":false,"command":[0.29999999999999999,0.19550170618321744],"fallen":false,"distance":0.020112750063818713,"temporal":{"fresh":true,"held":false,"gfEvents":1},"pixels":0}],"tick":263}},{"id":"gaze","samples":[{"ducks":[{"speed":0.20421968433805235,"id":"duck-1","position":[0.048298064098129923,0.0069542369660781948,0.11596172200187153],"neural":{"yaw":0.65000000000000002,"spikes":2655,"forward":116.04282327198189,"vx":0.29999999999999999},"neighborVisible":false,"area":0.00244140625,"tilt":1.3787077343072369,"input":{"headReason":"Marker tracking","loomL":0,"head":[0,0,0.081473684210526309,0],"age":0.080000000000000404,"loomPathway":"both","gate":false,"gateReason":"None","turn":0.048884210526315787,"loomR":0,"fresh":true,"forward":0.12,"reason":"Target visible through camera"},"visible":true,"command":[0.29999999999999999,0.65000000000000002],"fallen":false,"distance":0.073770857981320562,"temporal":null,"pixels":15}],"tick":30,"loop":{"speed":0.20421968433805235,"mappingActive":true,"perception":"Beacon visible","neural":[0.29999999999999999,0.65000000000000002],"feedback":{"drive":1,"phase":0.91542643924284561,"enabled":true},"sampledAt":0.60000000000000042,"reason":"Fly circuit drives walking","command":[0.29999999999999999,0.65000000000000002],"mappingSummary":"Walk · Follow the turn","mapping":{"turn":"follow","forward":"walk"},"pixels":15,"status":"Walking · body responding"},"paused":false,"time":0.60000000000000042,"collisions":0},{"collisions":0,"tick":75,"loop":{"speed":0.14115238188000964,"mappingActive":true,"perception":"Beacon visible","neural":[0.29999999999999999,0.65000000000000002],"feedback":{"phase":0.054345571134303494,"drive":0.83623101005096456,"enabled":true},"sampledAt":1.49999999999999,"reason":"Fly circuit drives walking","command":[0.29999999999999999,0.65000000000000002],"mappingSummary":"Walk · Follow the turn","mapping":{"forward":"walk","turn":"follow"},"pixels":18,"status":"Walking · body responding"},"paused":false,"ducks":[{"id":"duck-1","speed":0.14115238188000964,"position":[0.14219625904068567,0.034783153064127173,0.11812718552876698],"neural":{"yaw":0.65000000000000002,"spikes":6831,"forward":114.43294481832702,"vx":0.29999999999999999},"neighborVisible":false,"area":0.0029296875,"tilt":1.5753252654815477,"input":{"headReason":"Marker tracking","loomL":0,"age":0.079999999999990301,"head":[0,0,0.026666666666666672,0],"loomPathway":"both","gate":false,"reason":"Target visible through camera","loomR":0,"gateReason":"None","fresh":true,"forward":0.12,"turn":0.016000000000000004},"visible":true,"command":[0.29999999999999999,0.65000000000000002],"fallen":false,"distance":0.21896547533644051,"temporal":null,"pixels":18}],"time":1.49999999999999},{"tick":75,"time":1.49999999999999,"loop":{"speed":0.14115238188000964,"mappingActive":true,"perception":"Beacon visible","neural":[0.29999999999999999,0.65000000000000002],"feedback":{"phase":0.054345571134303494,"drive":0.83623101005096456,"enabled":true},"sampledAt":1.49999999999999,"reason":"Fly circuit drives walking","command":[0.29999999999999999,0.65000000000000002],"mappingSummary":"Walk · Follow the turn","mapping":{"forward":"walk","turn":"follow"},"pixels":18,"status":"Walking · body responding"},"paused":false,"ducks":[{"id":"duck-1","speed":0.14115238188000964,"position":[0.14219625904068567,0.034783153064127173,0.11812718552876698],"neural":{"yaw":0.65000000000000002,"spikes":6831,"forward":114.43294481832702,"vx":0.29999999999999999},"neighborVisible":false,"area":0.0029296875,"tilt":1.5753252654815477,"input":{"headReason":"Marker tracking","loomL":0,"age":0.079999999999990301,"head":[0,0,0.026666666666666672,0],"loomPathway":"both","gate":false,"reason":"Target visible through camera","loomR":0,"gateReason":"None","fresh":true,"forward":0.12,"turn":0.016000000000000004},"visible":true,"command":[0.29999999999999999,0.65000000000000002],"fallen":false,"distance":0.21896547533644051,"temporal":null,"pixels":18}],"collisions":0},{"ducks":[{"speed":0.10085939156389077,"id":"duck-1","position":[0.23267143249352623,0.083622344605761095,0.12045343970917227],"neural":{"yaw":0.43065105365902739,"spikes":11005,"forward":113.56880409150608,"vx":0.29999999999999999},"neighborVisible":false,"area":0.004231770833333333,"tilt":3.1515695889222379,"input":{"headReason":"Marker tracking","loomL":0,"age":0.079999999999971205,"head":[0,0,0.026234817813765177,0],"loomPathway":"both","gate":false,"gateReason":"None","turn":0.015740890688259106,"reason":"Target visible through camera","loomR":0,"forward":0.12,"fresh":true},"visible":true,"command":[0.29999999999999999,0.43065105365902739],"fallen":false,"temporal":null,"distance":0.36599381212912052,"pixels":26}],"collisions":0,"loop":{"speed":0.10085939156389077,"mappingActive":true,"perception":"Beacon visible","neural":[0.29999999999999999,0.43065105365902739],"feedback":{"phase":0.018762465306763065,"drive":0.64837461005103603,"enabled":true},"sampledAt":2.399999999999971,"reason":"Fly circuit drives walking","mapping":{"forward":"walk","turn":"follow"},"mappingSummary":"Walk · Follow the turn","command":[0.29999999999999999,0.43065105365902739],"pixels":26,"status":"Walking · body responding"},"paused":false,"time":2.399999999999971,"tick":120},{"ducks":[{"id":"duck-1","speed":0.21372402648321134,"position":[0.32175614309635453,0.14257179825689473,0.1173924994384265],"neural":{"yaw":0.1560170986285308,"spikes":15360,"forward":116.02588216703326,"vx":0.29999999999999999},"neighborVisible":false,"area":0.006184895833333333,"tilt":2.7821375347349999,"input":{"headReason":"Marker tracking","loomL":0,"head":[0,0,-0.01462603878116344,0],"age":0.019999999999951168,"loomPathway":"both","gate":false,"reason":"Target visible through camera","gateReason":"None","loomR":0,"fresh":true,"forward":0.12,"turn":-0.0087756232686980653},"visible":true,"command":[0.29999999999999999,0.1560170986285308],"fallen":false,"distance":0.52023434400822111,"temporal":null,"pixels":38}],"tick":167,"loop":{"speed":0.21372402648321134,"mappingActive":true,"perception":"Beacon visible","neural":[0.29999999999999999,0.1560170986285308],"feedback":{"enabled":true,"phase":0.95293374778549966,"drive":1},"sampledAt":3.339999999999951,"reason":"Fly circuit drives walking","command":[0.29999999999999999,0.1560170986285308],"mappingSummary":"Walk · Follow the turn","mapping":{"turn":"follow","forward":"walk"},"status":"Walking · body responding","pixels":38},"paused":false,"time":3.339999999999951,"collisions":0},{"tick":167,"ducks":[{"id":"duck-1","speed":0.21372402648321134,"position":[0.32175614309635453,0.14257179825689473,0.1173924994384265],"neural":{"yaw":0.1560170986285308,"spikes":15360,"forward":116.02588216703326,"vx":0.29999999999999999},"neighborVisible":false,"area":0.006184895833333333,"tilt":2.7821375347349999,"input":{"headReason":"Marker tracking","loomL":0,"head":[0,0,-0.01462603878116344,0],"age":0.019999999999951168,"loomPathway":"both","gate":false,"reason":"Target visible through camera","gateReason":"None","loomR":0,"fresh":true,"forward":0.12,"turn":-0.0087756232686980653},"visible":true,"command":[0.29999999999999999,0.1560170986285308],"fallen":false,"distance":0.52023434400822111,"temporal":null,"pixels":38}],"loop":{"speed":0.21372402648321134,"mappingActive":true,"perception":"Beacon visible","neural":[0.29999999999999999,0.1560170986285308],"feedback":{"enabled":true,"phase":0.95293374778549966,"drive":1},"sampledAt":3.339999999999951,"reason":"Fly circuit drives walking","command":[0.29999999999999999,0.1560170986285308],"mappingSummary":"Walk · Follow the turn","mapping":{"turn":"follow","forward":"walk"},"status":"Walking · body responding","pixels":38},"paused":false,"time":3.339999999999951,"collisions":0},{"tick":213,"time":4.2599999999999314,"loop":{"speed":0.1681555071779417,"mappingActive":true,"perception":"Beacon visible","neural":[0.29999999999999999,0.20192484546964262],"feedback":{"phase":0.054129417440398342,"drive":0.90103246232595036,"enabled":true},"sampledAt":4.2599999999999314,"reason":"Fly circuit drives walking","mapping":{"turn":"follow","forward":"walk"},"mappingSummary":"Walk · Follow the turn","command":[0.29999999999999999,0.20192484546964262],"status":"Walking · body responding","pixels":74},"paused":false,"ducks":[{"speed":0.1681555071779417,"id":"duck-1","position":[0.41618378799862582,0.20037774976064568,0.11833904692609017],"neural":{"yaw":0.20192484546964262,"spikes":19616,"forward":115.8951366649917,"vx":0.29999999999999999},"neighborVisible":false,"area":0.012044270833333334,"tilt":2.8789563501989925,"input":{"headReason":"Marker tracking","loomL":0,"age":0.039999999999931646,"head":[0,0,-0.032773826458036948,0],"loomPathway":"both","gate":false,"gateReason":"None","turn":-0.019664295874822168,"reason":"Target visible through camera","fresh":true,"forward":0.12,"loomR":0},"visible":true,"command":[0.29999999999999999,0.20192484546964262],"fallen":false,"distance":0.67772462533538358,"temporal":null,"pixels":74}],"collisions":0},{"tick":213,"time":4.2599999999999314,"loop":{"speed":0.1681555071779417,"mappingActive":true,"perception":"Beacon visible","neural":[0.29999999999999999,0.20192484546964262],"feedback":{"phase":0.054129417440398342,"drive":0.90103246232595036,"enabled":true},"sampledAt":4.2599999999999314,"reason":"Fly circuit drives walking","mapping":{"turn":"follow","forward":"walk"},"mappingSummary":"Walk · Follow the turn","command":[0.29999999999999999,0.20192484546964262],"status":"Walking · body responding","pixels":74},"paused":false,"ducks":[{"speed":0.1681555071779417,"id":"duck-1","position":[0.41618378799862582,0.20037774976064568,0.11833904692609017],"neural":{"yaw":0.20192484546964262,"spikes":19616,"forward":115.8951366649917,"vx":0.29999999999999999},"neighborVisible":false,"area":0.012044270833333334,"tilt":2.8789563501989925,"input":{"headReason":"Marker tracking","loomL":0,"age":0.039999999999931646,"head":[0,0,-0.032773826458036948,0],"loomPathway":"both","gate":false,"gateReason":"None","turn":-0.019664295874822168,"reason":"Target visible through camera","fresh":true,"forward":0.12,"loomR":0},"visible":true,"command":[0.29999999999999999,0.20192484546964262],"fallen":false,"distance":0.67772462533538358,"temporal":null,"pixels":74}],"collisions":0},{"tick":259,"collisions":0,"loop":{"speed":0.12948553447396671,"mappingActive":true,"perception":"Beacon visible","neural":[0.29999999999999999,-0.38004477194084246],"feedback":{"phase":0.0018238815090916294,"drive":0.51261314792800883,"enabled":true},"sampledAt":5.1799999999999118,"reason":"Fly circuit drives walking","command":[0.29999999999999999,-0.38004477194084246],"mappingSummary":"Walk · Follow the turn","mapping":{"forward":"walk","turn":"follow"},"status":"Walking · body responding","pixels":177},"paused":false,"ducks":[{"speed":0.12948553447396671,"id":"duck-1","position":[0.51264347237543451,0.24787705906140392,0.11984007275213658],"neural":{"yaw":-0.38004477194084246,"spikes":23889,"forward":119.52159137373343,"vx":0.29999999999999999},"neighborVisible":false,"area":0.02880859375,"tilt":3.1765662327911777,"input":{"headReason":"Marker tracking","loomL":0,"head":[0,0,-0.055718108831400534,0],"age":0.05999999999991168,"loomPathway":"both","gate":false,"gateReason":"None","loomR":0,"reason":"Target visible through camera","fresh":true,"forward":0.12,"turn":-0.033430865298840318},"visible":true,"command":[0.29999999999999999,-0.38004477194084246],"fallen":false,"temporal":null,"distance":0.8288892461451659,"pixels":177}],"time":5.1799999999999118},{"ducks":[{"id":"duck-1","speed":0.12948553447396671,"position":[0.51264347237543451,0.24787705906140392,0.11984007275213658],"neural":{"yaw":-0.38004477194084246,"spikes":23889,"forward":119.52159137373343,"vx":0.29999999999999999},"neighborVisible":false,"area":0.02880859375,"tilt":3.1765662327911777,"input":{"headReason":"Marker tracking","loomL":0,"head":[0,0,-0.055718108831400534,0],"age":0.05999999999991168,"loomPathway":"both","gate":false,"gateReason":"None","loomR":0,"reason":"Target visible through camera","fresh":true,"forward":0.12,"turn":-0.033430865298840318},"visible":true,"command":[0.29999999999999999,-0.38004477194084246],"fallen":false,"temporal":null,"distance":0.8288892461451659,"pixels":177}],"collisions":0,"loop":{"speed":0.12948553447396671,"mappingActive":true,"perception":"Beacon visible","neural":[0.29999999999999999,-0.38004477194084246],"feedback":{"phase":0.0018238815090916294,"drive":0.51261314792800883,"enabled":true},"sampledAt":5.1799999999999118,"reason":"Fly circuit drives walking","command":[0.29999999999999999,-0.38004477194084246],"mappingSummary":"Walk · Follow the turn","mapping":{"forward":"walk","turn":"follow"},"status":"Walking · body responding","pixels":177},"paused":false,"time":5.1799999999999118,"tick":259}],"openEnded":{"time":6.1399999999998913,"collisions":0,"loop":{"speed":0.20548500776522835,"mappingActive":true,"perception":"Beacon visible","neural":[0.29999999999999999,0.24772458403692754],"feedback":{"phase":0.98406888080129717,"drive":1,"enabled":true},"sampledAt":6.1399999999998913,"reason":"Fly circuit drives walking","command":[0.29999999999999999,0.24772458403692754],"mappingSummary":"Walk · Follow the turn","mapping":{"forward":"walk","turn":"follow"},"pixels":56,"status":"Walking · body responding"},"paused":false,"ducks":[{"speed":0.20548500776522835,"id":"duck-1","position":[0.62298256265774776,0.28515940237436005,0.11554503190884347],"neural":{"yaw":0.24772458403692754,"spikes":28401,"forward":115.02046169732125,"vx":0.29999999999999999},"neighborVisible":false,"area":0.0091145833333333339,"tilt":0.3990945203347715,"input":{"headReason":"Marker tracking","loomL":0,"age":0.019999999999891216,"head":[0,0,0.030338345864661651,0],"loomPathway":"both","gate":false,"reason":"Target visible through camera","turn":0.018203007518796992,"loomR":0,"fresh":true,"forward":0.12,"gateReason":"None"},"visible":true,"command":[0.29999999999999999,0.24772458403692754],"fallen":false,"distance":0.99478665141860012,"temporal":null,"pixels":56}],"tick":307},"title":"Find it again","final":{"time":5.1799999999999118,"tick":259,"loop":{"speed":0.12948553447396671,"mappingActive":true,"perception":"Beacon visible","neural":[0.29999999999999999,-0.38004477194084246],"feedback":{"phase":0.0018238815090916294,"enabled":true,"drive":0.51261314792800883},"sampledAt":5.1799999999999118,"reason":"Fly circuit drives walking","mapping":{"forward":"walk","turn":"follow"},"mappingSummary":"Walk · Follow the turn","command":[0.29999999999999999,-0.38004477194084246],"status":"Paused · Run or Step to advance","pixels":177},"paused":true,"ducks":[{"speed":0.12948553447396671,"id":"duck-1","position":[0.51264347237543451,0.24787705906140392,0.11984007275213658],"neural":{"yaw":-0.38004477194084246,"spikes":23889,"forward":119.52159137373343,"vx":0.29999999999999999},"neighborVisible":false,"area":0.02880859375,"tilt":3.1765662327911777,"input":{"headReason":"Marker tracking","loomL":0,"head":[0,0,-0.055718108831400534,0],"age":0.05999999999991168,"loomPathway":"both","gate":false,"reason":"Target visible through camera","turn":-0.033430865298840318,"gateReason":"None","loomR":0,"fresh":true,"forward":0.12},"visible":true,"command":[0.29999999999999999,-0.38004477194084246],"fallen":false,"temporal":null,"distance":0.8288892461451659,"pixels":177}],"collisions":0}},{"id":"switchboard","openEnded":{"time":6.6199999999998811,"collisions":0,"loop":{"speed":0.043173603164383199,"mappingActive":true,"perception":"No cue detected","neural":[0.29999999999999999,-0.50815235031153361],"feedback":{"drive":0.43612827914832242,"phase":0.0039632561552400691,"enabled":true},"sampledAt":6.6199999999998811,"reason":"Target absent","command":[0,-0.50815235031153361],"mappingSummary":"Walk · Follow the turn","mapping":{"turn":"follow","forward":"walk"},"pixels":0,"status":"Beacon lost · forward blocked"},"paused":false,"ducks":[{"id":"duck-1","speed":0.043173603164383199,"position":[0.74196652544359021,0.17313023919146076,0.11996836441336192],"neural":{"yaw":-0.50815235031153361,"spikes":34128,"forward":39.761665694408009,"vx":0.29999999999999999},"neighborVisible":false,"area":0,"tilt":3.0164904672028472,"input":{"headReason":"Neutral head","loomL":0,"head":[0,0,0,0],"age":0,"loomPathway":"both","gate":true,"gateReason":"Target absent","turn":0,"loomR":0,"fresh":true,"forward":0,"reason":"Target absent from camera"},"visible":false,"command":[0,-0.50815235031153361],"fallen":false,"temporal":null,"distance":1.0842956189726867,"pixels":0}],"tick":331},"samples":[{"tick":35,"time":0.70000000000000051,"loop":{"speed":0.16125789820282208,"mappingActive":true,"perception":"Beacon visible","neural":[0.29999999999999999,0.20791668319496043],"feedback":{"enabled":true,"phase":0.98348183814350687,"drive":0.59190032356162359},"sampledAt":0.70000000000000051,"reason":"Fly circuit drives walking","mapping":{"turn":"follow","forward":"walk"},"mappingSummary":"Walk · Follow the turn","command":[0.29999999999999999,0.20791668319496043],"pixels":11,"status":"Walking · body responding"},"paused":false,"ducks":[{"speed":0.16125789820282208,"id":"duck-1","position":[0.055471489896664929,0.0070936045171871315,0.11893958507360375],"neural":{"yaw":0.20791668319496043,"spikes":3372,"forward":105.48138754914307,"vx":0.29999999999999999},"neighborVisible":false,"area":0.0017903645833333333,"tilt":3.4243979973842662,"input":{"headReason":"Neutral head","loomL":0,"age":0.080000000000000515,"head":[0,0,0,0],"loomPathway":"both","gate":false,"reason":"Target visible through camera","gateReason":"None","loomR":0,"fresh":true,"forward":0.12,"turn":0.027732057416267941},"visible":true,"command":[0.29999999999999999,0.20791668319496043],"fallen":false,"distance":0.082068716010516823,"temporal":null,"pixels":11}],"collisions":0},{"collisions":0,"tick":81,"loop":{"speed":0.18910963485674376,"mappingActive":true,"perception":"Beacon visible","neural":[0.29999999999999999,0.11019966158748247],"feedback":{"phase":0.033061452999206598,"enabled":true,"drive":1},"sampledAt":1.6199999999999875,"reason":"Fly circuit drives walking","mapping":{"turn":"follow","forward":"walk"},"mappingSummary":"Walk · Follow the turn","command":[0.29999999999999999,0.11019966158748247],"pixels":15,"status":"Walking · body responding"},"paused":false,"ducks":[{"id":"duck-1","speed":0.18910963485674376,"position":[0.15555518077104841,0.042588381292602756,0.11556164490531019],"neural":{"yaw":0.11019966158748247,"spikes":8145,"forward":111.2325223327138,"vx":0.29999999999999999},"neighborVisible":false,"area":0.00244140625,"tilt":1.8277773901849659,"input":{"headReason":"Neutral head","loomL":0,"age":0,"head":[0,0,0,0],"loomPathway":"both","gate":false,"gateReason":"None","loomR":0,"turn":-0.0013894736842105227,"fresh":true,"reason":"Target visible through camera","forward":0.12},"visible":true,"command":[0.29999999999999999,0.11019966158748247],"fallen":false,"temporal":null,"distance":0.23694564595863535,"pixels":15}],"time":1.6199999999999875},{"collisions":0,"time":1.6199999999999875,"loop":{"speed":0.18910963485674376,"mappingActive":true,"perception":"Beacon visible","neural":[0.29999999999999999,0.11019966158748247],"feedback":{"phase":0.033061452999206598,"enabled":true,"drive":1},"sampledAt":1.6199999999999875,"reason":"Fly circuit drives walking","mapping":{"turn":"follow","forward":"walk"},"mappingSummary":"Walk · Follow the turn","command":[0.29999999999999999,0.11019966158748247],"pixels":15,"status":"Walking · body responding"},"paused":false,"ducks":[{"speed":0.18910963485674376,"id":"duck-1","position":[0.15555518077104841,0.042588381292602756,0.11556164490531019],"neural":{"yaw":0.11019966158748247,"spikes":8145,"forward":111.2325223327138,"vx":0.29999999999999999},"neighborVisible":false,"area":0.00244140625,"tilt":1.8277773901849659,"input":{"headReason":"Neutral head","loomL":0,"age":0,"head":[0,0,0,0],"loomPathway":"both","gate":false,"gateReason":"None","loomR":0,"turn":-0.0013894736842105227,"fresh":true,"reason":"Target visible through camera","forward":0.12},"visible":true,"command":[0.29999999999999999,0.11019966158748247],"fallen":false,"distance":0.23694564595863535,"temporal":null,"pixels":15}],"tick":81},{"tick":129,"time":2.5799999999999672,"loop":{"speed":0.13830436479178737,"mappingActive":true,"perception":"Beacon visible","neural":[0.29999999999999999,-0.086643256084859857],"feedback":{"enabled":true,"phase":0.998821179249749,"drive":0.55659935128444693},"sampledAt":2.5799999999999672,"reason":"Fly circuit drives walking","command":[0.29999999999999999,-0.086643256084859857],"mappingSummary":"Walk · Follow the turn","mapping":{"turn":"follow","forward":"walk"},"status":"Walking · body responding","pixels":21},"paused":false,"ducks":[{"speed":0.13830436479178737,"id":"duck-1","position":[0.27133710725065252,0.068664018227495849,0.12118234818321062],"neural":{"yaw":-0.086643256084859857,"spikes":13116,"forward":105.9691708064576,"vx":0.29999999999999999},"neighborVisible":false,"area":0.00341796875,"tilt":3.9956671336983716,"input":{"headReason":"Neutral head","loomL":0,"head":[0,0,0,0],"age":0.059999999999967635,"loomPathway":"both","gate":false,"reason":"Target visible through camera","turn":0.011819548872180455,"loomR":0,"fresh":true,"forward":0.12,"gateReason":"None"},"visible":true,"command":[0.29999999999999999,-0.086643256084859857],"fallen":false,"temporal":null,"distance":0.39871561813337975,"pixels":21}],"collisions":0},{"time":2.5799999999999672,"collisions":0,"loop":{"speed":0.13830436479178737,"mappingActive":true,"perception":"Beacon visible","neural":[0.29999999999999999,-0.086643256084859857],"feedback":{"enabled":true,"phase":0.998821179249749,"drive":0.55659935128444693},"sampledAt":2.5799999999999672,"reason":"Fly circuit drives walking","command":[0.29999999999999999,-0.086643256084859857],"mappingSummary":"Walk · Follow the turn","mapping":{"turn":"follow","forward":"walk"},"status":"Walking · body responding","pixels":21},"paused":false,"ducks":[{"speed":0.13830436479178737,"id":"duck-1","position":[0.27133710725065252,0.068664018227495849,0.12118234818321062],"neural":{"yaw":-0.086643256084859857,"spikes":13116,"forward":105.9691708064576,"vx":0.29999999999999999},"neighborVisible":false,"area":0.00341796875,"tilt":3.9956671336983716,"input":{"headReason":"Neutral head","loomL":0,"head":[0,0,0,0],"age":0.059999999999967635,"loomPathway":"both","gate":false,"reason":"Target visible through camera","turn":0.011819548872180455,"loomR":0,"fresh":true,"forward":0.12,"gateReason":"None"},"visible":true,"command":[0.29999999999999999,-0.086643256084859857],"fallen":false,"distance":0.39871561813337975,"temporal":null,"pixels":21}],"tick":129},{"collisions":0,"tick":173,"loop":{"speed":0.21366586838867035,"mappingActive":true,"perception":"Beacon visible","neural":[0.29999999999999999,-0.31931166673099626],"feedback":{"enabled":true,"phase":0.97247562600610349,"drive":0.89250867367426556},"sampledAt":3.4599999999999485,"reason":"Fly circuit drives walking","command":[0.29999999999999999,-0.31931166673099626],"mappingSummary":"Walk · Follow the turn","mapping":{"forward":"walk","turn":"follow"},"status":"Walking · body responding","pixels":35},"paused":false,"time":3.4599999999999485,"ducks":[{"id":"duck-1","speed":0.21366586838867035,"position":[0.37420647267910223,0.083383311518642381,0.11891297033957932],"neural":{"yaw":-0.31931166673099626,"spikes":17708,"forward":111.34550148950109,"vx":0.29999999999999999},"neighborVisible":false,"area":0.005696614583333333,"tilt":3.3915368988422538,"input":{"headReason":"Neutral head","loomL":0,"age":0.039999999999948965,"head":[0,0,0,0],"loomPathway":"both","gate":false,"gateReason":"None","loomR":0,"reason":"Target visible through camera","fresh":true,"turn":0.02376541353383459,"forward":0.12},"visible":true,"command":[0.29999999999999999,-0.31931166673099626],"fallen":false,"distance":0.54700297097957495,"temporal":null,"pixels":35}]},{"time":4.139999999999934,"tick":207,"loop":{"speed":0.217407698102384,"mappingActive":true,"perception":"Beacon visible","neural":[0.29999999999999999,0.53141848616902554],"feedback":{"phase":0.95724130675242891,"enabled":true,"drive":1},"sampledAt":4.139999999999934,"reason":"Fly circuit drives walking","command":[0.29999999999999999,0.53141848616902554],"mappingSummary":"Walk · Follow the turn","mapping":{"turn":"follow","forward":"walk"},"status":"Walking · body responding","pixels":49},"paused":false,"ducks":[{"speed":0.217407698102384,"id":"duck-1","position":[0.45295412187555895,0.094837848951789122,0.11648986503673509],"neural":{"yaw":0.53141848616902554,"spikes":21232,"forward":109.44502945232142,"vx":0.29999999999999999},"neighborVisible":false,"area":0.0079752604166666661,"tilt":1.2837468389589717,"input":{"headReason":"Neutral head","loomL":0,"age":0.019999999999934737,"head":[0,0,0,0],"loomPathway":"both","gate":false,"reason":"Target visible through camera","turn":0.019914070891514504,"loomR":0,"fresh":true,"gateReason":"None","forward":0.12},"visible":true,"command":[0.29999999999999999,0.53141848616902554],"fallen":false,"distance":0.66222269501509079,"temporal":null,"pixels":49}],"collisions":0},{"tick":207,"ducks":[{"id":"duck-1","speed":0.217407698102384,"position":[0.45295412187555895,0.094837848951789122,0.11648986503673509],"neural":{"yaw":0.53141848616902554,"spikes":21232,"forward":109.44502945232142,"vx":0.29999999999999999},"neighborVisible":false,"area":0.0079752604166666661,"tilt":1.2837468389589717,"input":{"headReason":"Neutral head","loomL":0,"age":0.019999999999934737,"head":[0,0,0,0],"loomPathway":"both","gate":false,"reason":"Target visible through camera","turn":0.019914070891514504,"loomR":0,"fresh":true,"gateReason":"None","forward":0.12},"visible":true,"command":[0.29999999999999999,0.53141848616902554],"fallen":false,"distance":0.66222269501509079,"temporal":null,"pixels":49}],"loop":{"speed":0.217407698102384,"mappingActive":true,"perception":"Beacon visible","neural":[0.29999999999999999,0.53141848616902554],"feedback":{"phase":0.95724130675242891,"enabled":true,"drive":1},"sampledAt":4.139999999999934,"reason":"Fly circuit drives walking","command":[0.29999999999999999,0.53141848616902554],"mappingSummary":"Walk · Follow the turn","mapping":{"turn":"follow","forward":"walk"},"status":"Walking · body responding","pixels":49},"paused":false,"time":4.139999999999934,"collisions":0},{"time":4.7999999999999199,"tick":240,"loop":{"speed":0.21025627974573013,"mappingActive":true,"perception":"Beacon visible","neural":[0.29999999999999999,0.0519777742591193],"feedback":{"enabled":true,"phase":0.9308808186058759,"drive":1},"sampledAt":4.7999999999999199,"reason":"Fly circuit drives walking","command":[0.29999999999999999,0.0519777742591193],"mapping":{"turn":"follow","forward":"walk"},"mappingSummary":"Walk · Follow the turn","status":"Walking · body responding","pixels":80},"paused":false,"ducks":[{"speed":0.21025627974573013,"id":"duck-1","position":[0.53272141789362282,0.11327804005111713,0.1176834819117856],"neural":{"yaw":0.0519777742591193,"spikes":24671,"forward":107.12342932129735,"vx":0.29999999999999999},"neighborVisible":false,"area":0.013020833333333334,"tilt":2.5347407216530433,"input":{"headReason":"Neutral head","loomL":0,"head":[0,0,0,0],"age":0.079999999999920135,"loomPathway":"both","gate":false,"gateReason":"None","reason":"Target visible through camera","loomR":0,"turn":0.012694736842105259,"fresh":true,"forward":0.12},"visible":true,"command":[0.29999999999999999,0.0519777742591193],"fallen":false,"distance":0.776118839462966,"temporal":null,"pixels":80}],"collisions":0},{"tick":283,"time":5.6599999999999016,"loop":{"speed":0.21980963182219035,"mappingActive":true,"perception":"Beacon visible","neural":[0.29999999999999999,-0.32438866504572694],"feedback":{"phase":0.93401142406742532,"enabled":true,"drive":1},"sampledAt":5.6599999999999016,"reason":"Fly circuit drives walking","mapping":{"turn":"follow","forward":"walk"},"mappingSummary":"Walk · Follow the turn","command":[0.29999999999999999,-0.32438866504572694],"pixels":227,"status":"Walking · body responding"},"paused":false,"ducks":[{"id":"duck-1","speed":0.21980963182219035,"position":[0.63029612388774725,0.14311790542017414,0.11696989734175103],"neural":{"yaw":-0.32438866504572694,"spikes":29153,"forward":105.58002188741628,"vx":0.29999999999999999},"neighborVisible":false,"area":0.036946614583333336,"tilt":1.4785642410371327,"input":{"headReason":"Neutral head","loomL":0,"age":0.039999999999901448,"head":[0,0,0,0],"loomPathway":"both","gate":false,"reason":"Target visible through camera","turn":0.030357523765360536,"loomR":0,"fresh":true,"forward":0.12,"gateReason":"None"},"visible":true,"command":[0.29999999999999999,-0.32438866504572694],"fallen":false,"temporal":null,"distance":0.92160399033876839,"pixels":227}],"collisions":0}],"title":"Brain switchboard","final":{"tick":284,"collisions":0,"loop":{"speed":0.21045847119095598,"mappingActive":true,"perception":"Beacon visible","neural":[0.29999999999999999,-0.15183320151631949],"feedback":{"drive":1,"enabled":true,"phase":0.99061691834228649},"sampledAt":5.6799999999999011,"reason":"Fly circuit drives walking","command":[0.29999999999999999,-0.15183320151631949],"mappingSummary":"Walk · Follow the turn","mapping":{"forward":"walk","turn":"follow"},"pixels":227,"status":"Paused · Run or Step to advance"},"paused":true,"time":5.6799999999999011,"ducks":[{"speed":0.21045847119095598,"id":"duck-1","position":[0.63361896367917814,0.14036594737004346,0.11521462102854017],"neural":{"yaw":-0.15183320151631949,"spikes":29254,"forward":104.23611474368251,"vx":0.29999999999999999},"neighborVisible":false,"area":0.036946614583333336,"tilt":0.89852827188965256,"input":{"headReason":"Neutral head","loomL":0,"age":0.059999999999901021,"head":[0,0,0,0],"loomPathway":"both","gate":false,"gateReason":"None","reason":"Target visible through camera","turn":0.030357523765360536,"fresh":true,"loomR":0,"forward":0.12},"visible":true,"command":[0.29999999999999999,-0.15183320151631949],"fallen":false,"distance":0.92591844712835336,"temporal":null,"pixels":227}]}},{"id":"recovery","samples":[{"collisions":0,"time":0.68000000000000049,"loop":{"speed":0.21609555067143285,"mappingActive":true,"perception":"Beacon visible","neural":[0.29999999999999999,0.399466783390592],"feedback":{"enabled":true,"drive":0.96176318451144194,"phase":0.95560145477775427},"sampledAt":0.68000000000000049,"reason":"Fly circuit drives walking","mapping":{"turn":"follow","forward":"walk"},"command":[0.29999999999999999,0.399466783390592],"mappingSummary":"Walk · Follow the turn","status":"Walking · body responding","pixels":16},"paused":false,"ducks":[{"speed":0.21609555067143285,"id":"duck-1","position":[0.051104021511056544,0.0093232228413854829,0.11888567227562201],"neural":{"yaw":0.399466783390592,"spikes":2999,"forward":107.71581494665807,"vx":0.29999999999999999},"neighborVisible":false,"area":0.0026041666666666665,"tilt":3.9622989843562983,"input":{"headReason":"Neutral head","loomL":0,"age":0.060000000000000497,"head":[0,0,0,0],"loomPathway":"both","gate":false,"reason":"Target visible through camera","turn":-0.0037894736842105379,"gateReason":"None","fresh":true,"loomR":0,"forward":0.12},"visible":true,"command":[0.29999999999999999,0.399466783390592],"fallen":false,"distance":0.07247429937304635,"temporal":null,"pixels":16}],"tick":34},{"tick":80,"collisions":0,"loop":{"speed":0.15934906090852999,"mappingActive":true,"perception":"Beacon visible","neural":[0.29999999999999999,0.17785921451854017],"feedback":{"enabled":true,"drive":0.93181362789638023,"phase":0.056118230932182822},"sampledAt":1.5999999999999879,"reason":"Fly circuit drives walking","command":[0.29999999999999999,0.17785921451854017],"mappingSummary":"Walk · Follow the turn","mapping":{"forward":"walk","turn":"follow"},"status":"Walking · body responding","pixels":20},"paused":false,"ducks":[{"id":"duck-1","speed":0.15934906090852999,"position":[0.15527088985465673,0.0042804042221726551,0.1170187159765995],"neural":{"yaw":0.17785921451854017,"spikes":7406,"forward":111.86098494577128,"vx":0.29999999999999999},"neighborVisible":false,"area":0.0032552083333333335,"tilt":2.1318480569604454,"input":{"headReason":"Neutral head","loomL":0,"head":[0,0,0,0],"age":0.079999999999988303,"loomPathway":"both","gate":false,"gateReason":"None","loomR":0,"reason":"Target visible through camera","fresh":true,"forward":0.12,"turn":0.0064421052631579061},"visible":true,"command":[0.29999999999999999,0.17785921451854017],"fallen":false,"temporal":null,"distance":0.22649547369746456,"pixels":20}],"time":1.5999999999999879},{"tick":80,"ducks":[{"speed":0.15934906090852999,"id":"duck-1","position":[0.15527088985465673,0.0042804042221726551,0.1170187159765995],"neural":{"yaw":0.17785921451854017,"spikes":7406,"forward":111.86098494577128,"vx":0.29999999999999999},"neighborVisible":false,"area":0.0032552083333333335,"tilt":2.1318480569604454,"input":{"headReason":"Neutral head","loomL":0,"head":[0,0,0,0],"age":0.079999999999988303,"loomPathway":"both","gate":false,"gateReason":"None","loomR":0,"reason":"Target visible through camera","fresh":true,"forward":0.12,"turn":0.0064421052631579061},"visible":true,"command":[0.29999999999999999,0.17785921451854017],"fallen":false,"temporal":null,"distance":0.22649547369746456,"pixels":20}],"loop":{"speed":0.15934906090852999,"mappingActive":true,"perception":"Beacon visible","neural":[0.29999999999999999,0.17785921451854017],"feedback":{"enabled":true,"drive":0.93181362789638023,"phase":0.056118230932182822},"sampledAt":1.5999999999999879,"reason":"Fly circuit drives walking","command":[0.29999999999999999,0.17785921451854017],"mappingSummary":"Walk · Follow the turn","mapping":{"forward":"walk","turn":"follow"},"status":"Walking · body responding","pixels":20},"paused":false,"time":1.5999999999999879,"collisions":0},{"time":2.4999999999999689,"collisions":0,"loop":{"speed":0.11168144929335397,"mappingActive":true,"perception":"Beacon visible","neural":[0.29999999999999999,0.47688413324017959],"feedback":{"drive":0.70306834034798893,"phase":0.024131524214073163,"enabled":true},"sampledAt":2.4999999999999689,"reason":"Fly circuit drives walking","command":[0.29999999999999999,0.47688413324017959],"mappingSummary":"Walk · Follow the turn","mapping":{"forward":"walk","turn":"follow"},"pixels":26,"status":"Walking · body responding"},"paused":false,"ducks":[{"id":"duck-1","speed":0.11168144929335397,"position":[0.26303175754709135,0.0042977199139638076,0.12018587090320693],"neural":{"yaw":0.47688413324017959,"spikes":11694,"forward":113.59642161862675,"vx":0.29999999999999999},"neighborVisible":false,"area":0.004231770833333333,"tilt":3.4023148289317287,"input":{"headReason":"Neutral head","loomL":0,"age":0.079999999999969429,"head":[0,0,0,0],"loomPathway":"both","gate":false,"gateReason":"None","reason":"Target visible through camera","loomR":0,"fresh":true,"forward":0.12,"turn":0.015157894736842112},"visible":true,"command":[0.29999999999999999,0.47688413324017959],"fallen":false,"temporal":null,"distance":0.37766641399254158,"pixels":26}],"tick":125},{"tick":125,"time":2.4999999999999689,"loop":{"speed":0.11168144929335397,"mappingActive":true,"perception":"Beacon visible","neural":[0.29999999999999999,0.47688413324017959],"feedback":{"drive":0.70306834034798893,"phase":0.024131524214073163,"enabled":true},"sampledAt":2.4999999999999689,"reason":"Fly circuit drives walking","command":[0.29999999999999999,0.47688413324017959],"mappingSummary":"Walk · Follow the turn","mapping":{"forward":"walk","turn":"follow"},"pixels":26,"status":"Walking · body responding"},"paused":false,"ducks":[{"speed":0.11168144929335397,"id":"duck-1","position":[0.26303175754709135,0.0042977199139638076,0.12018587090320693],"neural":{"yaw":0.47688413324017959,"spikes":11694,"forward":113.59642161862675,"vx":0.29999999999999999},"neighborVisible":false,"area":0.004231770833333333,"tilt":3.4023148289317287,"input":{"headReason":"Neutral head","loomL":0,"age":0.079999999999969429,"head":[0,0,0,0],"loomPathway":"both","gate":false,"gateReason":"None","reason":"Target visible through camera","loomR":0,"fresh":true,"forward":0.12,"turn":0.015157894736842112},"visible":true,"command":[0.29999999999999999,0.47688413324017959],"fallen":false,"temporal":null,"distance":0.37766641399254158,"pixels":26}],"collisions":0},{"time":3.3999999999999497,"tick":170,"loop":{"speed":0.13078829790216959,"mappingActive":true,"perception":"Beacon visible","neural":[0.29999999999999999,0.39056008652324437],"feedback":{"enabled":true,"drive":0.53480527996620486,"phase":0.99991929026224646},"sampledAt":3.3999999999999497,"reason":"Fly circuit drives walking","mapping":{"forward":"walk","turn":"follow"},"mappingSummary":"Walk · Follow the turn","command":[0.29999999999999999,0.39056008652324437],"pixels":33,"status":"Walking · body responding"},"paused":false,"ducks":[{"id":"duck-1","speed":0.13078829790216959,"position":[0.36833196078377639,0.0077953094312639519,0.12044495072415333],"neural":{"yaw":0.39056008652324437,"spikes":16006,"forward":111.24226679497255,"vx":0.29999999999999999},"neighborVisible":false,"area":0.00537109375,"tilt":3.7187330091033899,"input":{"headReason":"Neutral head","loomL":0,"head":[0,0,0,0],"age":0.079999999999949889,"loomPathway":"both","gate":false,"reason":"Target visible through camera","loomR":0,"gateReason":"None","turn":0.017282296650717718,"forward":0.12,"fresh":true},"visible":true,"command":[0.29999999999999999,0.39056008652324437],"fallen":false,"distance":0.52674595626543175,"temporal":null,"pixels":33}],"collisions":0},{"tick":212,"collisions":0,"loop":{"speed":0.12709290230066325,"mappingActive":true,"perception":"Beacon visible","neural":[0.29999999999999999,0.53903853816777048],"feedback":{"enabled":true,"phase":0.99984495655600325,"drive":0.4376011840651749},"sampledAt":4.2399999999999318,"reason":"Fly circuit drives walking","mapping":{"forward":"walk","turn":"follow"},"mappingSummary":"Walk · Follow the turn","command":[0.29999999999999999,0.53903853816777048],"pixels":45,"status":"Walking · body responding"},"paused":false,"ducks":[{"id":"duck-1","speed":0.12709290230066325,"position":[0.47143122684840894,0.009148113933687918,0.11971764531829079],"neural":{"yaw":0.53903853816777048,"spikes":20054,"forward":112.20104472748545,"vx":0.29999999999999999},"neighborVisible":false,"area":0.00732421875,"tilt":3.1446669389643485,"input":{"headReason":"Neutral head","loomL":0,"head":[0,0,0,0],"age":0.019999999999932072,"loomPathway":"both","gate":false,"gateReason":"None","loomR":0,"reason":"Target visible through camera","fresh":true,"forward":0.12,"turn":-0.0056842105263158072},"visible":true,"command":[0.29999999999999999,0.53903853816777048],"fallen":false,"distance":0.67018966263500634,"temporal":null,"pixels":45}],"time":4.2399999999999318},{"collisions":0,"ducks":[{"speed":0.12709290230066325,"id":"duck-1","position":[0.47143122684840894,0.009148113933687918,0.11971764531829079],"neural":{"yaw":0.53903853816777048,"spikes":20054,"forward":112.20104472748545,"vx":0.29999999999999999},"neighborVisible":false,"area":0.00732421875,"tilt":3.1446669389643485,"input":{"headReason":"Neutral head","loomL":0,"head":[0,0,0,0],"age":0.019999999999932072,"loomPathway":"both","gate":false,"gateReason":"None","loomR":0,"reason":"Target visible through camera","fresh":true,"forward":0.12,"turn":-0.0056842105263158072},"visible":true,"command":[0.29999999999999999,0.53903853816777048],"fallen":false,"distance":0.67018966263500634,"temporal":null,"pixels":45}],"loop":{"speed":0.12709290230066325,"mappingActive":true,"perception":"Beacon visible","neural":[0.29999999999999999,0.53903853816777048],"feedback":{"enabled":true,"phase":0.99984495655600325,"drive":0.4376011840651749},"sampledAt":4.2399999999999318,"reason":"Fly circuit drives walking","mapping":{"forward":"walk","turn":"follow"},"mappingSummary":"Walk · Follow the turn","command":[0.29999999999999999,0.53903853816777048],"pixels":45,"status":"Walking · body responding"},"paused":false,"time":4.2399999999999318,"tick":212},{"time":5.1599999999999122,"collisions":0,"loop":{"speed":0.21954000314686284,"mappingActive":true,"perception":"Beacon visible","neural":[0.29999999999999999,0.16962330473536902],"feedback":{"drive":1,"phase":0.94553872290193541,"enabled":true},"sampledAt":5.1599999999999122,"reason":"Fly circuit drives walking","mapping":{"turn":"follow","forward":"walk"},"mappingSummary":"Walk · Follow the turn","command":[0.29999999999999999,0.16962330473536902],"pixels":64,"status":"Walking · body responding"},"paused":false,"ducks":[{"speed":0.21954000314686284,"id":"duck-1","position":[0.58229301442285653,0.021377504481852553,0.11686128530166891],"neural":{"yaw":0.16962330473536902,"spikes":24479,"forward":110.95912510518102,"vx":0.29999999999999999},"neighborVisible":false,"area":0.010416666666666666,"tilt":2.3413425681532041,"input":{"headReason":"Neutral head","loomL":0,"age":0.039999999999912106,"head":[0,0,0,0],"loomPathway":"both","gate":false,"gateReason":"None","turn":-0.0063355263157894859,"reason":"Target visible through camera","loomR":0,"forward":0.12,"fresh":true},"visible":true,"command":[0.29999999999999999,0.16962330473536902],"fallen":false,"temporal":null,"distance":0.82830561727274554,"pixels":64}],"tick":258},{"collisions":0,"time":5.1599999999999122,"loop":{"speed":0.21954000314686284,"mappingActive":true,"perception":"Beacon visible","neural":[0.29999999999999999,0.16962330473536902],"feedback":{"drive":1,"phase":0.94553872290193541,"enabled":true},"sampledAt":5.1599999999999122,"reason":"Fly circuit drives walking","mapping":{"turn":"follow","forward":"walk"},"mappingSummary":"Walk · Follow the turn","command":[0.29999999999999999,0.16962330473536902],"pixels":64,"status":"Walking · body responding"},"paused":false,"ducks":[{"id":"duck-1","speed":0.21954000314686284,"position":[0.58229301442285653,0.021377504481852553,0.11686128530166891],"neural":{"yaw":0.16962330473536902,"spikes":24479,"forward":110.95912510518102,"vx":0.29999999999999999},"neighborVisible":false,"area":0.010416666666666666,"tilt":2.3413425681532041,"input":{"headReason":"Neutral head","loomL":0,"age":0.039999999999912106,"head":[0,0,0,0],"loomPathway":"both","gate":false,"gateReason":"None","turn":-0.0063355263157894859,"reason":"Target visible through camera","loomR":0,"forward":0.12,"fresh":true},"visible":true,"command":[0.29999999999999999,0.16962330473536902],"fallen":false,"temporal":null,"distance":0.82830561727274554,"pixels":64}],"tick":258}],"openEnded":{"collisions":0,"time":6.0399999999998935,"loop":{"speed":0.1990379777970703,"mappingActive":true,"perception":"Beacon visible","neural":[0.29999999999999999,0.12257005765348299],"feedback":{"enabled":true,"phase":0.0023204950877613317,"drive":1},"sampledAt":6.0399999999998935,"reason":"Fly circuit drives walking","mapping":{"turn":"follow","forward":"walk"},"mappingSummary":"Walk · Follow the turn","command":[0.29999999999999999,0.12257005765348299],"pixels":101,"status":"Walking · body responding"},"paused":false,"ducks":[{"id":"duck-1","speed":0.1990379777970703,"position":[0.682720112799309,0.028902918374594213,0.11461992852611783],"neural":{"yaw":0.12257005765348299,"spikes":28659,"forward":110.41196029424525,"vx":0.29999999999999999},"neighborVisible":false,"area":0.016438802083333332,"tilt":1.1002067740636221,"input":{"headReason":"Neutral head","loomL":0,"age":0.01999999999989388,"head":[0,0,0,0],"loomPathway":"both","gate":false,"reason":"Target visible through camera","loomR":0,"turn":-0.030934861907243354,"fresh":true,"gateReason":"None","forward":0.12},"visible":true,"command":[0.29999999999999999,0.12257005765348299],"fallen":false,"temporal":null,"distance":0.97500679294666504,"pixels":101}],"tick":302},"title":"Bump and recover","final":{"time":5.1999999999999114,"tick":260,"loop":{"speed":0.1943142938721083,"mappingActive":true,"perception":"Beacon visible","neural":[0.29999999999999999,0.099146184680254199],"feedback":{"drive":1,"phase":0.038451878495530112,"enabled":true},"sampledAt":5.1999999999999114,"reason":"Fly circuit drives walking","mapping":{"forward":"walk","turn":"follow"},"mappingSummary":"Walk · Follow the turn","command":[0.29999999999999999,0.099146184680254199],"status":"Paused · Run or Step to advance","pixels":64},"paused":true,"ducks":[{"id":"duck-1","speed":0.1943142938721083,"position":[0.58749518706351578,0.028238980731510117,0.1150419745002469],"neural":{"yaw":0.099146184680254199,"spikes":24674,"forward":110.85107927869028,"vx":0.29999999999999999},"neighborVisible":false,"area":0.010416666666666666,"tilt":1.4048599946326941,"input":{"headReason":"Neutral head","loomL":0,"age":0.079999999999911253,"head":[0,0,0,0],"loomPathway":"both","gate":false,"reason":"Target visible through camera","gateReason":"None","loomR":0,"fresh":true,"forward":0.12,"turn":-0.0063355263157894859},"visible":true,"command":[0.29999999999999999,0.099146184680254199],"fallen":false,"distance":0.83691876784577834,"temporal":null,"pixels":64}],"collisions":0}},{"id":"kick","openEnded":{"ducks":[{"speed":0.00052180498199570367,"id":"duck-1","position":[0.026472322006470841,0.017317387128831806,0.11648284008462033],"neural":{"yaw":0.65000000000000002,"spikes":27098,"forward":109.7830070228719,"vx":0.29999999999999999},"neighborVisible":false,"area":0.006673177083333333,"tilt":0.80502880601347693,"input":{"headReason":"Neutral head","loomL":0,"head":[0,0,0,0],"age":0.079999999999881943,"loomPathway":"both","gate":false,"reason":"Target visible through camera","loomR":0,"turn":0.080734274711168161,"gateReason":"None","forward":0.12,"fresh":true},"visible":true,"command":[0,0],"fallen":false,"temporal":null,"distance":0.065422022742290406,"pixels":41}],"collisions":1,"loop":{"speed":0.00052180498199570367,"mappingActive":true,"perception":"Beacon visible","neural":[0.29999999999999999,0.65000000000000002],"feedback":{"enabled":true,"drive":0.0060054336406775814,"phase":0.49941230817801219},"sampledAt":6.5999999999998815,"reason":"Hide and reveal the cue to kick again","command":[0,0],"mappingSummary":"Kick on sight · Follow the turn","mapping":{"turn":"follow","forward":"kick"},"pixels":41,"status":"Hide and reveal the cue to kick again"},"paused":false,"time":6.5999999999998815,"tick":330},"title":"See it, kick it","samples":[{"tick":32,"time":0.64000000000000046,"loop":{"speed":0.00038479821959342753,"mappingActive":true,"perception":"Beacon visible","neural":[0.29999999999999999,-0.13494597117883719],"feedback":{"phase":0.99992991134536924,"drive":0.002741108935112712,"enabled":true},"sampledAt":0.64000000000000046,"reason":"Waiting for a steady stance","command":[0,0],"mappingSummary":"Kick on sight · Follow the turn","mapping":{"forward":"kick","turn":"follow"},"status":"Waiting for a steady stance","pixels":27},"paused":false,"ducks":[{"speed":0.00038479821959342753,"id":"duck-1","position":[0.0017974256073360964,0.00012976846681961109,0.11659855680860835],"neural":{"yaw":-0.13494597117883719,"spikes":2493,"forward":110.25027232586885,"vx":0.29999999999999999},"neighborVisible":false,"area":0.00439453125,"tilt":0.54965223442463906,"input":{"headReason":"Neutral head","loomL":0,"head":[0,0,0,0],"age":0.020000000000000462,"loomPathway":"both","gate":false,"gateReason":"None","loomR":0,"turn":0.0023157894736842242,"reason":"Target visible through camera","forward":0.12,"fresh":true},"visible":true,"command":[0,0],"fallen":false,"temporal":null,"distance":0.0034876622910985657,"pixels":27}],"collisions":0},{"collisions":1,"ducks":[{"speed":0.0024209175678713626,"id":"duck-1","position":[0.028003307092586353,0.012727966907497874,0.11404341218124772],"neural":{"yaw":0.65000000000000002,"spikes":6520,"forward":107.98991044512869,"vx":0.29999999999999999},"neighborVisible":false,"area":0.007486979166666667,"tilt":1.688179916221046,"input":{"headReason":"Neutral head","loomL":0,"head":[0,0,0,0],"age":0.059999999999988729,"loomPathway":"both","gate":false,"gateReason":"None","loomR":0,"reason":"Target visible through camera","fresh":true,"forward":0.12,"turn":0.091441647597253983},"visible":true,"command":[0,0],"fallen":false,"temporal":null,"distance":0.049308490386898711,"pixels":46}],"loop":{"speed":0.0024209175678713626,"mappingActive":true,"perception":"Beacon visible","neural":[0.29999999999999999,0.65000000000000002],"feedback":{"enabled":true,"phase":2.2002287602962411e-05,"drive":0.01176158178628299},"sampledAt":1.5799999999999883,"reason":"Returning to the walking policy","command":[0,0],"mappingSummary":"Kick on sight · Follow the turn","mapping":{"turn":"follow","forward":"kick"},"status":"Returning to the walking policy","pixels":46},"paused":false,"time":1.5799999999999883,"tick":79},{"collisions":1,"ducks":[{"id":"duck-1","speed":0.0024209175678713626,"position":[0.028003307092586353,0.012727966907497874,0.11404341218124772],"neural":{"yaw":0.65000000000000002,"spikes":6520,"forward":107.98991044512869,"vx":0.29999999999999999},"neighborVisible":false,"area":0.007486979166666667,"tilt":1.688179916221046,"input":{"headReason":"Neutral head","loomL":0,"head":[0,0,0,0],"age":0.059999999999988729,"loomPathway":"both","gate":false,"gateReason":"None","loomR":0,"reason":"Target visible through camera","fresh":true,"forward":0.12,"turn":0.091441647597253983},"visible":true,"command":[0,0],"fallen":false,"distance":0.049308490386898711,"temporal":null,"pixels":46}],"loop":{"speed":0.0024209175678713626,"mappingActive":true,"perception":"Beacon visible","neural":[0.29999999999999999,0.65000000000000002],"feedback":{"enabled":true,"phase":2.2002287602962411e-05,"drive":0.01176158178628299},"sampledAt":1.5799999999999883,"reason":"Returning to the walking policy","command":[0,0],"mappingSummary":"Kick on sight · Follow the turn","mapping":{"turn":"follow","forward":"kick"},"status":"Returning to the walking policy","pixels":46},"paused":false,"time":1.5799999999999883,"tick":79},{"tick":115,"collisions":1,"loop":{"speed":0.001399623717777603,"mappingActive":true,"perception":"Beacon visible","neural":[0.29999999999999999,0.65000000000000002],"feedback":{"enabled":true,"phase":0.9987881378301956,"drive":0.0064099690250788285},"sampledAt":2.2999999999999732,"reason":"Returning to the walking policy","mapping":{"forward":"kick","turn":"follow"},"mappingSummary":"Kick on sight · Follow the turn","command":[0,0],"status":"Returning to the walking policy","pixels":47},"paused":false,"ducks":[{"id":"duck-1","speed":0.001399623717777603,"position":[0.026980836745566176,0.013619600992142079,0.11506953776353848],"neural":{"yaw":0.65000000000000002,"spikes":9475,"forward":109.6524512338526,"vx":0.29999999999999999},"neighborVisible":false,"area":0.007649739583333333,"tilt":1.8615150102028526,"input":{"headReason":"Neutral head","loomL":0,"head":[0,0,0,0],"age":0.079999999999973426,"loomPathway":"both","gate":false,"gateReason":"None","turn":0.09106830907054872,"loomR":0,"reason":"Target visible through camera","forward":0.12,"fresh":true},"visible":true,"command":[0,0],"fallen":false,"temporal":null,"distance":0.05086071346365989,"pixels":47}],"time":2.2999999999999732},{"collisions":1,"ducks":[{"speed":0.0035166943527156981,"id":"duck-1","position":[0.026237810912471161,0.013986264226525994,0.11576549387874473],"neural":{"yaw":0.65000000000000002,"spikes":13172,"forward":108.8397347988505,"vx":0.29999999999999999},"neighborVisible":false,"area":0.006998697916666667,"tilt":1.542942399307039,"input":{"headReason":"Neutral head","loomL":0,"head":[0,0,0,0],"age":0.07999999999995433,"loomPathway":"both","gate":false,"reason":"Target visible through camera","turn":0.090110159118727051,"loomR":0,"fresh":true,"forward":0.12,"gateReason":"None"},"visible":true,"command":[0,0],"fallen":false,"temporal":null,"distance":0.052499440842483633,"pixels":43}],"loop":{"speed":0.0035166943527156981,"mappingActive":true,"perception":"Beacon visible","neural":[0.29999999999999999,0.65000000000000002],"feedback":{"drive":0.041238862252651248,"enabled":true,"phase":0.93823910730163795},"sampledAt":3.199999999999954,"reason":"Kick finished","command":[0,0],"mappingSummary":"Kick on sight · Follow the turn","mapping":{"turn":"follow","forward":"kick"},"status":"Kick finished","pixels":43},"paused":false,"time":3.199999999999954,"tick":160},{"tick":160,"collisions":1,"loop":{"speed":0.0035166943527156981,"mappingActive":true,"perception":"Beacon visible","neural":[0.29999999999999999,0.65000000000000002],"feedback":{"drive":0.041238862252651248,"enabled":true,"phase":0.93823910730163795},"sampledAt":3.199999999999954,"reason":"Kick finished","command":[0,0],"mappingSummary":"Kick on sight · Follow the turn","mapping":{"turn":"follow","forward":"kick"},"status":"Kick finished","pixels":43},"paused":false,"time":3.199999999999954,"ducks":[{"id":"duck-1","speed":0.0035166943527156981,"position":[0.026237810912471161,0.013986264226525994,0.11576549387874473],"neural":{"yaw":0.65000000000000002,"spikes":13172,"forward":108.8397347988505,"vx":0.29999999999999999},"neighborVisible":false,"area":0.006998697916666667,"tilt":1.542942399307039,"input":{"headReason":"Neutral head","loomL":0,"head":[0,0,0,0],"age":0.07999999999995433,"loomPathway":"both","gate":false,"reason":"Target visible through camera","turn":0.090110159118727051,"loomR":0,"fresh":true,"forward":0.12,"gateReason":"None"},"visible":true,"command":[0,0],"fallen":false,"temporal":null,"distance":0.052499440842483633,"pixels":43}]},{"collisions":1,"time":3.9599999999999378,"loop":{"speed":0.0071131131321118682,"mappingActive":true,"perception":"Beacon visible","neural":[0.29999999999999999,0.65000000000000002],"feedback":{"drive":0.034895154208444273,"phase":0.49981895521940789,"enabled":true},"sampledAt":3.9599999999999378,"reason":"Hide and reveal the cue to kick again","command":[0,0],"mappingSummary":"Kick on sight · Follow the turn","mapping":{"forward":"kick","turn":"follow"},"pixels":44,"status":"Hide and reveal the cue to kick again"},"paused":false,"ducks":[{"speed":0.0071131131321118682,"id":"duck-1","position":[0.026175252062794117,0.015680741187038789,0.11618872245755035],"neural":{"yaw":0.65000000000000002,"spikes":16308,"forward":109.73054038471636,"vx":0.29999999999999999},"neighborVisible":false,"area":0.007161458333333333,"tilt":1.1848165410090601,"input":{"headReason":"Neutral head","loomL":0,"head":[0,0,0,0],"age":0.039999999999938307,"loomPathway":"both","gate":false,"gateReason":"None","turn":0.083368421052631578,"loomR":0,"fresh":true,"forward":0.12,"reason":"Target visible through camera"},"visible":true,"command":[0,0],"fallen":false,"distance":0.056930850001042421,"temporal":null,"pixels":44}],"tick":198},{"collisions":1,"ducks":[{"id":"duck-1","speed":0.0016544412546088446,"position":[0.026540331418653165,0.017051347342745424,0.11633817081629118],"neural":{"yaw":0.65000000000000002,"spikes":19903,"forward":108.89494482052181,"vx":0.29999999999999999},"neighborVisible":false,"area":0.006510416666666667,"tilt":0.92132347564683537,"input":{"headReason":"Neutral head","loomL":0,"age":0.019999999999919638,"head":[0,0,0,0],"loomPathway":"both","gate":false,"gateReason":"None","loomR":0,"turn":0.082231578947368406,"reason":"Target visible through camera","forward":0.12,"fresh":true},"visible":true,"command":[0,0],"fallen":false,"temporal":null,"distance":0.061539092455154175,"pixels":40}],"loop":{"speed":0.0016544412546088446,"mappingActive":true,"perception":"Beacon visible","neural":[0.29999999999999999,0.65000000000000002],"feedback":{"phase":0.49971899911056217,"enabled":true,"drive":0.017015910530423044},"sampledAt":4.839999999999919,"reason":"Hide and reveal the cue to kick again","command":[0,0],"mappingSummary":"Kick on sight · Follow the turn","mapping":{"forward":"kick","turn":"follow"},"pixels":40,"status":"Hide and reveal the cue to kick again"},"paused":false,"time":4.839999999999919,"tick":242},{"tick":242,"ducks":[{"speed":0.0016544412546088446,"id":"duck-1","position":[0.026540331418653165,0.017051347342745424,0.11633817081629118],"neural":{"yaw":0.65000000000000002,"spikes":19903,"forward":108.89494482052181,"vx":0.29999999999999999},"neighborVisible":false,"area":0.006510416666666667,"tilt":0.92132347564683537,"input":{"headReason":"Neutral head","loomL":0,"age":0.019999999999919638,"head":[0,0,0,0],"loomPathway":"both","gate":false,"gateReason":"None","loomR":0,"turn":0.082231578947368406,"reason":"Target visible through camera","forward":0.12,"fresh":true},"visible":true,"command":[0,0],"fallen":false,"temporal":null,"distance":0.061539092455154175,"pixels":40}],"loop":{"speed":0.0016544412546088446,"mappingActive":true,"perception":"Beacon visible","neural":[0.29999999999999999,0.65000000000000002],"feedback":{"phase":0.49971899911056217,"enabled":true,"drive":0.017015910530423044},"sampledAt":4.839999999999919,"reason":"Hide and reveal the cue to kick again","command":[0,0],"mappingSummary":"Kick on sight · Follow the turn","mapping":{"forward":"kick","turn":"follow"},"pixels":40,"status":"Hide and reveal the cue to kick again"},"paused":false,"time":4.839999999999919,"collisions":1},{"tick":287,"time":5.7399999999998998,"loop":{"speed":0.0014874615233757503,"mappingActive":true,"perception":"Beacon visible","neural":[0.29999999999999999,0.65000000000000002],"feedback":{"drive":0.023623437387100814,"enabled":true,"phase":0.47568037991816658},"sampledAt":5.7399999999998998,"reason":"Hide and reveal the cue to kick again","command":[0,0],"mappingSummary":"Kick on sight · Follow the turn","mapping":{"forward":"kick","turn":"follow"},"pixels":41,"status":"Hide and reveal the cue to kick again"},"paused":false,"ducks":[{"speed":0.0014874615233757503,"id":"duck-1","position":[0.026567136128742397,0.017358627917947799,0.11645282209855785],"neural":{"yaw":0.65000000000000002,"spikes":23597,"forward":109.14001442659401,"vx":0.29999999999999999},"neighborVisible":false,"area":0.006673177083333333,"tilt":0.85225718643866166,"input":{"headReason":"Neutral head","loomL":0,"age":0.019999999999900098,"head":[0,0,0,0],"loomPathway":"both","gate":false,"gateReason":"None","turn":0.080734274711168161,"loomR":0,"fresh":true,"forward":0.12,"reason":"Target visible through camera"},"visible":true,"command":[0,0],"fallen":false,"distance":0.064782674501566231,"temporal":null,"pixels":41}],"collisions":1}],"final":{"tick":288,"ducks":[{"speed":0.001146627822162767,"id":"duck-1","position":[0.026558240484105787,0.017342921778016392,0.11646651163626194],"neural":{"yaw":0.65000000000000002,"spikes":23677,"forward":107.53003303128568,"vx":0.29999999999999999},"neighborVisible":false,"area":0.006673177083333333,"tilt":0.85087847505446879,"input":{"headReason":"Neutral head","loomL":0,"age":0.039999999999899671,"head":[0,0,0,0],"loomPathway":"both","gate":false,"gateReason":"None","turn":0.080734274711168161,"loomR":0,"fresh":true,"forward":0.12,"reason":"Target visible through camera"},"visible":true,"command":[0,0],"fallen":false,"temporal":null,"distance":0.064800724856827155,"pixels":41}],"loop":{"speed":0.001146627822162767,"mappingActive":true,"perception":"Beacon visible","neural":[0.29999999999999999,0.65000000000000002],"feedback":{"enabled":true,"drive":0.007437307616878751,"phase":0.49984052108323374},"sampledAt":5.7599999999998994,"reason":"Hide and reveal the cue to kick again","mapping":{"turn":"follow","forward":"kick"},"mappingSummary":"Kick on sight · Follow the turn","command":[0,0],"status":"Paused · Run or Step to advance","pixels":41},"paused":true,"time":5.7599999999998994,"collisions":1}},{"id":"occlusion","openEnded":{"ducks":[{"id":"duck-1","speed":0.0010554947566155911,"position":[0.0028095439781901294,0.00042063503621661547,0.11627967706898459],"neural":{"yaw":0.10634075393237813,"spikes":20609,"forward":3.5543731535713703,"vx":0},"neighborVisible":false,"area":0,"tilt":0.59380249955740849,"input":{"headReason":"Neutral head","loomL":0,"head":[0,0,0,0],"age":0.019999999999891216,"loomPathway":"both","gate":true,"reason":"Target absent from camera","turn":0,"loomR":0,"fresh":true,"forward":0,"gateReason":"Target absent"},"visible":false,"command":[0,0.10634075393237813],"fallen":false,"temporal":null,"distance":0.0073659220087367045,"pixels":0}],"tick":307,"loop":{"speed":0.0010554947566155911,"mappingActive":true,"perception":"No cue detected","neural":[0,0.10634075393237813],"feedback":{"drive":0.032723041826286832,"enabled":true,"phase":0.014815962476603994},"sampledAt":6.1399999999998913,"reason":"Target absent","mapping":{"forward":"walk","turn":"follow"},"command":[0,0.10634075393237813],"mappingSummary":"Walk · Follow the turn","pixels":0,"status":"Beacon lost · forward blocked"},"paused":false,"time":6.1399999999998913,"collisions":0},"title":"Out of sight","samples":[{"collisions":0,"ducks":[{"speed":0.00071797609208660066,"id":"duck-1","position":[0.0022894987997452497,0.00037762836836301514,0.11654005984795535],"neural":{"yaw":-0.086819514355290381,"spikes":2303,"forward":0.23815703030575411,"vx":0},"neighborVisible":false,"area":0,"tilt":0.76156150081916407,"input":{"headReason":"Neutral head","loomL":0,"age":0.080000000000000515,"head":[0,0,0,0],"loomPathway":"both","gate":true,"gateReason":"Target absent","loomR":0,"reason":"Target absent from camera","turn":0,"fresh":true,"forward":0},"visible":false,"command":[0,-0.086819514355290381],"fallen":false,"temporal":null,"distance":0.0033977903012352511,"pixels":0}],"loop":{"speed":0.00071797609208660066,"mappingActive":true,"perception":"No cue detected","neural":[0,-0.086819514355290381],"feedback":{"enabled":true,"drive":0.0017931234854144658,"phase":0.99993360437233147},"sampledAt":0.70000000000000051,"reason":"Target absent","mapping":{"forward":"walk","turn":"follow"},"mappingSummary":"Walk · Follow the turn","command":[0,-0.086819514355290381],"status":"Beacon lost · forward blocked","pixels":0},"paused":false,"time":0.70000000000000051,"tick":35},{"tick":78,"collisions":0,"loop":{"speed":0.0013723085199978831,"mappingActive":true,"perception":"No cue detected","neural":[0,-0.13086338573455933],"feedback":{"drive":0.00045874338303681977,"phase":1.6755918218480659e-05,"enabled":true},"sampledAt":1.5599999999999887,"reason":"Target absent","command":[0,-0.13086338573455933],"mappingSummary":"Walk · Follow the turn","mapping":{"turn":"follow","forward":"walk"},"pixels":0,"status":"Beacon lost · forward blocked"},"paused":false,"time":1.5599999999999887,"ducks":[{"speed":0.0013723085199978831,"id":"duck-1","position":[0.0023835437880651506,0.00041159244946432466,0.11649880257539559],"neural":{"yaw":-0.13086338573455933,"spikes":5186,"forward":0.084553067552216643,"vx":0},"neighborVisible":false,"area":0,"tilt":0.81685232962216725,"input":{"headReason":"Neutral head","loomL":0,"age":0.039999999999989155,"head":[0,0,0,0],"loomPathway":"both","gate":true,"gateReason":"Target absent","turn":0,"loomR":0,"reason":"Target absent from camera","forward":0,"fresh":true},"visible":false,"command":[0,-0.13086338573455933],"fallen":false,"distance":0.0037435113304834342,"temporal":null,"pixels":0}]},{"tick":78,"collisions":0,"loop":{"speed":0.0013723085199978831,"mappingActive":true,"perception":"No cue detected","neural":[0,-0.13086338573455933],"feedback":{"drive":0.00045874338303681977,"phase":1.6755918218480659e-05,"enabled":true},"sampledAt":1.5599999999999887,"reason":"Target absent","command":[0,-0.13086338573455933],"mappingSummary":"Walk · Follow the turn","mapping":{"turn":"follow","forward":"walk"},"pixels":0,"status":"Beacon lost · forward blocked"},"paused":false,"time":1.5599999999999887,"ducks":[{"speed":0.0013723085199978831,"id":"duck-1","position":[0.0023835437880651506,0.00041159244946432466,0.11649880257539559],"neural":{"yaw":-0.13086338573455933,"spikes":5186,"forward":0.084553067552216643,"vx":0},"neighborVisible":false,"area":0,"tilt":0.81685232962216725,"input":{"headReason":"Neutral head","loomL":0,"age":0.039999999999989155,"head":[0,0,0,0],"loomPathway":"both","gate":true,"gateReason":"Target absent","turn":0,"loomR":0,"reason":"Target absent from camera","forward":0,"fresh":true},"visible":false,"command":[0,-0.13086338573455933],"fallen":false,"distance":0.0037435113304834342,"temporal":null,"pixels":0}]},{"ducks":[{"id":"duck-1","speed":0.00084482262971415903,"position":[0.0025447087144093682,0.00045039267052647341,0.11646547966620928],"neural":{"yaw":0.081989349232045192,"spikes":8147,"forward":0.45820674473516942,"vx":0},"neighborVisible":false,"area":0,"tilt":0.8221055432437484,"input":{"headReason":"Neutral head","loomL":0,"head":[0,0,0,0],"age":0.019999999999970708,"loomPathway":"both","gate":true,"gateReason":"Target absent","loomR":0,"reason":"Target absent from camera","fresh":true,"turn":0,"forward":0},"visible":false,"command":[0,0.081989349232045192],"fallen":false,"distance":0.0041614865518489162,"temporal":null,"pixels":0}],"tick":122,"loop":{"speed":0.00084482262971415903,"mappingActive":true,"perception":"No cue detected","neural":[0,0.081989349232045192],"feedback":{"enabled":true,"drive":0.004670605142979593,"phase":0.00018273792981537973},"sampledAt":2.4399999999999702,"reason":"Target absent","command":[0,0.081989349232045192],"mapping":{"forward":"walk","turn":"follow"},"mappingSummary":"Walk · Follow the turn","pixels":0,"status":"Beacon lost · forward blocked"},"paused":false,"time":2.4399999999999702,"collisions":0},{"tick":168,"ducks":[{"speed":6.8553646564322853e-05,"id":"duck-1","position":[0.0024759886856115651,0.00050451594773861901,0.11645367839260319],"neural":{"yaw":0.061368092759632592,"spikes":11215,"forward":0.032627067050934933,"vx":0},"neighborVisible":false,"area":0,"tilt":0.84742188384677308,"input":{"headReason":"Neutral head","loomL":0,"age":0.039999999999950742,"head":[0,0,0,0],"loomPathway":"both","gate":true,"gateReason":"Target absent","loomR":0,"turn":0,"reason":"Target absent from camera","forward":0,"fresh":true},"visible":false,"command":[0,0.061368092759632592],"fallen":false,"temporal":null,"distance":0.0045564845477219073,"pixels":0}],"loop":{"speed":6.8553646564322853e-05,"mappingActive":true,"perception":"No cue detected","neural":[0,0.061368092759632592],"feedback":{"drive":0.0022334475494021049,"enabled":true,"phase":0.00014137042829798219},"sampledAt":3.3599999999999506,"reason":"Target absent","command":[0,0.061368092759632592],"mappingSummary":"Walk · Follow the turn","mapping":{"forward":"walk","turn":"follow"},"pixels":0,"status":"Beacon lost · forward blocked"},"paused":false,"time":3.3599999999999506,"collisions":0},{"time":3.3599999999999506,"tick":168,"loop":{"speed":6.8553646564322853e-05,"mappingActive":true,"perception":"No cue detected","neural":[0,0.061368092759632592],"feedback":{"drive":0.0022334475494021049,"enabled":true,"phase":0.00014137042829798219},"sampledAt":3.3599999999999506,"reason":"Target absent","command":[0,0.061368092759632592],"mappingSummary":"Walk · Follow the turn","mapping":{"forward":"walk","turn":"follow"},"pixels":0,"status":"Beacon lost · forward blocked"},"paused":false,"ducks":[{"id":"duck-1","speed":6.8553646564322853e-05,"position":[0.0024759886856115651,0.00050451594773861901,0.11645367839260319],"neural":{"yaw":0.061368092759632592,"spikes":11215,"forward":0.032627067050934933,"vx":0},"neighborVisible":false,"area":0,"tilt":0.84742188384677308,"input":{"headReason":"Neutral head","loomL":0,"age":0.039999999999950742,"head":[0,0,0,0],"loomPathway":"both","gate":true,"gateReason":"Target absent","loomR":0,"turn":0,"reason":"Target absent from camera","forward":0,"fresh":true},"visible":false,"command":[0,0.061368092759632592],"fallen":false,"distance":0.0045564845477219073,"temporal":null,"pixels":0}],"collisions":0},{"ducks":[{"speed":0.0007150851937688011,"id":"duck-1","position":[0.0023407839049004028,0.00048659148497561992,0.11642899144907068],"neural":{"yaw":-0.0096475176041858172,"spikes":14302,"forward":6.0211821639636103,"vx":0.29999999999999999},"neighborVisible":false,"area":0,"tilt":0.63087069271388396,"input":{"headReason":"Neutral head","loomL":0,"head":[0,0,0,0],"age":0.059999999999931219,"loomPathway":"both","gate":true,"reason":"Target absent from camera","loomR":0,"gateReason":"Target absent","turn":0,"forward":0,"fresh":true},"visible":false,"command":[0,-0.0096475176041858172],"fallen":false,"distance":0.0054631962506073795,"temporal":null,"pixels":0}],"tick":214,"loop":{"speed":0.0007150851937688011,"mappingActive":true,"perception":"No cue detected","neural":[0.29999999999999999,-0.0096475176041858172],"feedback":{"drive":0.0045511565267646751,"phase":0.99918542664647481,"enabled":true},"sampledAt":4.279999999999931,"reason":"Target absent","mapping":{"forward":"walk","turn":"follow"},"mappingSummary":"Walk · Follow the turn","command":[0,-0.0096475176041858172],"status":"Beacon lost · forward blocked","pixels":0},"paused":false,"time":4.279999999999931,"collisions":0},{"ducks":[{"id":"duck-1","speed":0.0007150851937688011,"position":[0.0023407839049004028,0.00048659148497561992,0.11642899144907068],"neural":{"yaw":-0.0096475176041858172,"spikes":14302,"forward":6.0211821639636103,"vx":0.29999999999999999},"neighborVisible":false,"area":0,"tilt":0.63087069271388396,"input":{"headReason":"Neutral head","loomL":0,"head":[0,0,0,0],"age":0.059999999999931219,"loomPathway":"both","gate":true,"reason":"Target absent from camera","loomR":0,"gateReason":"Target absent","turn":0,"forward":0,"fresh":true},"visible":false,"command":[0,-0.0096475176041858172],"fallen":false,"temporal":null,"distance":0.0054631962506073795,"pixels":0}],"collisions":0,"loop":{"speed":0.0007150851937688011,"mappingActive":true,"perception":"No cue detected","neural":[0.29999999999999999,-0.0096475176041858172],"feedback":{"drive":0.0045511565267646751,"phase":0.99918542664647481,"enabled":true},"sampledAt":4.279999999999931,"reason":"Target absent","mapping":{"forward":"walk","turn":"follow"},"mappingSummary":"Walk · Follow the turn","command":[0,-0.0096475176041858172],"status":"Beacon lost · forward blocked","pixels":0},"paused":false,"time":4.279999999999931,"tick":214},{"time":5.1799999999999118,"tick":259,"loop":{"speed":0.00038609120159170934,"mappingActive":true,"perception":"No cue detected","neural":[0,-0.10629453364002096],"feedback":{"drive":0.0019224183466472482,"phase":0.99998298014688625,"enabled":true},"sampledAt":5.1799999999999118,"reason":"Target absent","command":[0,-0.10629453364002096],"mappingSummary":"Walk · Follow the turn","mapping":{"turn":"follow","forward":"walk"},"status":"Beacon lost · forward blocked","pixels":0},"paused":false,"ducks":[{"id":"duck-1","speed":0.00038609120159170934,"position":[0.0021520582612356122,0.00048918665558167289,0.1164126976420954],"neural":{"yaw":-0.10629453364002096,"spikes":17341,"forward":0.64760098259485499,"vx":0},"neighborVisible":false,"area":0,"tilt":0.5442861145141944,"input":{"headReason":"Neutral head","loomL":0,"head":[0,0,0,0],"age":0.05999999999991168,"loomPathway":"both","gate":true,"gateReason":"Target absent","turn":0,"loomR":0,"fresh":true,"forward":0,"reason":"Target absent from camera"},"visible":false,"command":[0,-0.10629453364002096],"fallen":false,"distance":0.0061445231384724911,"temporal":null,"pixels":0}],"collisions":0},{"tick":259,"ducks":[{"id":"duck-1","speed":0.00038609120159170934,"position":[0.0021520582612356122,0.00048918665558167289,0.1164126976420954],"neural":{"yaw":-0.10629453364002096,"spikes":17341,"forward":0.64760098259485499,"vx":0},"neighborVisible":false,"area":0,"tilt":0.5442861145141944,"input":{"headReason":"Neutral head","loomL":0,"head":[0,0,0,0],"age":0.05999999999991168,"loomPathway":"both","gate":true,"gateReason":"Target absent","turn":0,"loomR":0,"fresh":true,"forward":0,"reason":"Target absent from camera"},"visible":false,"command":[0,-0.10629453364002096],"fallen":false,"temporal":null,"distance":0.0061445231384724911,"pixels":0}],"loop":{"speed":0.00038609120159170934,"mappingActive":true,"perception":"No cue detected","neural":[0,-0.10629453364002096],"feedback":{"drive":0.0019224183466472482,"phase":0.99998298014688625,"enabled":true},"sampledAt":5.1799999999999118,"reason":"Target absent","command":[0,-0.10629453364002096],"mappingSummary":"Walk · Follow the turn","mapping":{"turn":"follow","forward":"walk"},"status":"Beacon lost · forward blocked","pixels":0},"paused":false,"time":5.1799999999999118,"collisions":0}],"final":{"ducks":[{"speed":0.0006392688181159899,"id":"duck-1","position":[0.0021416848610119406,0.00048588793183633347,0.11641291274755321],"neural":{"yaw":-0.090860106820178185,"spikes":17420,"forward":0.54779971999193755,"vx":0},"neighborVisible":false,"area":0,"tilt":0.54140243766747709,"input":{"headReason":"Neutral head","loomL":0,"age":0.079999999999911253,"head":[0,0,0,0],"loomPathway":"both","gate":true,"reason":"Target absent from camera","turn":0,"loomR":0,"fresh":true,"gateReason":"Target absent","forward":0},"visible":false,"command":[0,-0.090860106820178185],"fallen":false,"temporal":null,"distance":0.0061554084042271034,"pixels":0}],"tick":260,"loop":{"speed":0.0006392688181159899,"mappingActive":true,"perception":"No cue detected","neural":[0,-0.090860106820178185],"feedback":{"enabled":true,"drive":0.0019304560079585467,"phase":0.99990139870959305},"sampledAt":5.1999999999999114,"reason":"Target absent","command":[0,-0.090860106820178185],"mappingSummary":"Walk · Follow the turn","mapping":{"forward":"walk","turn":"follow"},"status":"Paused · Run or Step to advance","pixels":0},"paused":true,"time":5.1999999999999114,"collisions":0}},{"id":"flock","samples":[{"tick":40,"ducks":[{"speed":0.19160242949123976,"id":"duck-1","position":[0.040051594325160866,-0.010689783419567238,0.1175027666591895],"neural":{"yaw":0.2815835287356897,"spikes":3242,"forward":104.13443856565064,"vx":0.29999999999999999},"neighborVisible":false,"area":0.0017903645833333333,"tilt":3.7188383165742032,"input":{"headReason":"Neutral head","loomL":0,"age":0.080000000000000515,"head":[0,0,0,0],"loomPathway":"both","gate":false,"reason":"Target visible through camera","turn":0.015674641148325338,"loomR":0,"fresh":true,"forward":0.12,"gateReason":"None"},"visible":true,"command":[0.29999999999999999,0.2815835287356897],"fallen":false,"distance":0.061933306848424324,"temporal":null,"pixels":11},{"speed":0.1944719875589066,"id":"duck-2","position":[-0.2896127337601766,-0.12366424675446601,0.11612210089131766],"neural":{"yaw":0.32076287907800249,"spikes":3288,"forward":110.74711566201889,"vx":0.29999999999999999},"neighborVisible":true,"area":0.0011393229166666667,"tilt":2.3567569656613543,"input":{"headReason":"Neutral head","loomL":0,"age":0.080000000000000515,"head":[0,0,0,0],"loomPathway":"both","gate":false,"gateReason":"None","turn":0.0097651821862348217,"loomR":0,"fresh":true,"reason":"Target visible through camera","forward":0.12},"visible":true,"command":[0.29999999999999999,0.32076287907800249],"fallen":false,"distance":0.10150366065005553,"temporal":null,"pixels":7},{"speed":0.19084703281620147,"id":"duck-3","position":[-0.5785602778997998,0.14483633265411464,0.11766294429099258],"neural":{"yaw":-0.65000000000000002,"spikes":3423,"forward":108.44590139778499,"vx":0.29999999999999999},"neighborVisible":true,"area":0,"tilt":1.9787280324859047,"input":{"headReason":"Neutral head","loomL":0,"age":0.080000000000000515,"head":[0,0,0,0],"loomPathway":"both","gate":false,"gateReason":"None","turn":-0.14776032388663968,"loomR":0,"reason":"Target visible through camera","forward":0.12,"fresh":true},"visible":false,"command":[0.29999999999999999,-0.65000000000000002],"fallen":false,"distance":0.10618970036727483,"temporal":null,"pixels":4}],"loop":{"speed":0.19160242949123976,"mappingActive":true,"perception":"Beacon visible","neural":[0.29999999999999999,0.2815835287356897],"feedback":{"drive":0.81984175221784039,"phase":0.96070061906171711,"enabled":true},"sampledAt":0.8000000000000006,"reason":"Fly circuit drives walking","command":[0.29999999999999999,0.2815835287356897],"mapping":{"turn":"follow","forward":"walk"},"mappingSummary":"Walk · Follow the turn","pixels":11,"status":"Walking · body responding"},"paused":false,"time":0.8000000000000006,"collisions":0},{"collisions":0,"tick":66,"loop":{"speed":0.16581086860475006,"mappingActive":true,"perception":"Beacon visible","neural":[0.29999999999999999,0.094503061573835812],"feedback":{"drive":0.86528945590803663,"enabled":true,"phase":0.055166022612540777},"sampledAt":1.3199999999999938,"reason":"Fly circuit drives walking","mapping":{"turn":"follow","forward":"walk"},"command":[0.29999999999999999,0.094503061573835812],"mappingSummary":"Walk · Follow the turn","status":"Walking · body responding","pixels":13},"paused":false,"ducks":[{"id":"duck-1","speed":0.16581086860475006,"position":[0.10006137438924773,0.0044556222348051981,0.11870523421530955],"neural":{"yaw":0.094503061573835812,"spikes":5716,"forward":105.92681085479755,"vx":0.29999999999999999},"neighborVisible":false,"area":0.0021158854166666665,"tilt":3.1330037934756532,"input":{"headReason":"Neutral head","loomL":0,"head":[0,0,0,0],"age":0,"loomPathway":"both","gate":false,"gateReason":"None","loomR":0,"reason":"Target visible through camera","fresh":true,"forward":0.12,"turn":-0.011805668016194319},"visible":true,"command":[0.29999999999999999,0.094503061573835812],"fallen":false,"temporal":null,"distance":0.14932125090982284,"pixels":13},{"speed":0.11095489485221931,"id":"duck-2","position":[-0.22579255346147045,-0.10079110006121002,0.12085565615006123],"neural":{"yaw":-0.51505981365810982,"spikes":5538,"forward":112.47589620833308,"vx":0.29999999999999999},"neighborVisible":true,"area":0.0009765625,"tilt":3.8588944232383784,"input":{"headReason":"Neutral head","loomL":0,"age":0,"head":[0,0,0,0],"loomPathway":"both","gate":false,"gateReason":"None","turn":-0.0018947368421052689,"loomR":0,"reason":"Target visible through camera","forward":0.12,"fresh":true},"visible":true,"command":[0.29999999999999999,-0.51505981365810982],"fallen":false,"distance":0.19040289811567729,"temporal":null,"pixels":6},{"id":"duck-3","speed":0.090448301898917172,"position":[-0.53133811394453578,0.11848401422117644,0.12006351317268012],"neural":{"yaw":-0.5254866170684287,"spikes":5749,"forward":107.09919904741214,"vx":0.29999999999999999},"neighborVisible":true,"area":0.0009765625,"tilt":3.3817669017999092,"input":{"headReason":"Neutral head","loomL":0,"head":[0,0,0,0],"age":0,"loomPathway":"both","gate":false,"gateReason":"None","loomR":0,"turn":0.020962406015037585,"fresh":true,"forward":0.12,"reason":"Target visible through camera"},"visible":true,"command":[0.29999999999999999,-0.5254866170684287],"fallen":false,"distance":0.18696951259484915,"temporal":null,"pixels":6}],"time":1.3199999999999938},{"time":1.8599999999999823,"collisions":0,"loop":{"speed":0.2117034094084885,"mappingActive":true,"perception":"Beacon visible","neural":[0.29999999999999999,0.04350789485857099],"feedback":{"phase":0.93766997808450425,"enabled":true,"drive":1},"sampledAt":1.8599999999999823,"reason":"Fly circuit drives walking","command":[0.29999999999999999,0.04350789485857099],"mappingSummary":"Walk · Follow the turn","mapping":{"forward":"walk","turn":"follow"},"pixels":14,"status":"Walking · body responding"},"paused":false,"ducks":[{"id":"duck-1","speed":0.2117034094084885,"position":[0.16105661683634837,-0.0067681377108808937,0.11751769900737814],"neural":{"yaw":0.04350789485857099,"spikes":8262,"forward":105.3168171032098,"vx":0.29999999999999999},"neighborVisible":false,"area":0.0022786458333333335,"tilt":2.4688654569442043,"input":{"headReason":"Neutral head","loomL":0,"head":[0,0,0,0],"age":0.039999999999982716,"loomPathway":"both","gate":false,"reason":"Target visible through camera","loomR":0,"turn":0.0067669172932330723,"fresh":true,"forward":0.12,"gateReason":"None"},"visible":true,"command":[0.29999999999999999,0.04350789485857099],"fallen":false,"distance":0.23758460811270868,"temporal":null,"pixels":14},{"id":"duck-2","speed":0.22009045696086371,"position":[-0.15499906463465582,-0.097168159929851367,0.11597073322606609],"neural":{"yaw":-0.094724243039046099,"spikes":7931,"forward":110.63209232847103,"vx":0.29999999999999999},"neighborVisible":true,"area":0.0009765625,"tilt":0.39266902413317428,"input":{"headReason":"Neutral head","loomL":0,"head":[0,0,0,0],"age":0.039999999999982716,"loomPathway":"both","gate":false,"reason":"Target visible through camera","turn":0.020706766917293229,"gateReason":"None","fresh":true,"forward":0.12,"loomR":0},"visible":true,"command":[0.29999999999999999,-0.094724243039046099],"fallen":false,"distance":0.28671309711392112,"temporal":null,"pixels":6},{"speed":0.23143800810070189,"id":"duck-3","position":[-0.46998177990677131,0.10152771359312612,0.11538607283199094],"neural":{"yaw":0.65000000000000002,"spikes":8110,"forward":110.29173172151314,"vx":0.29999999999999999},"neighborVisible":true,"area":0,"tilt":0.77707685507634872,"input":{"headReason":"Neutral head","loomL":0,"age":0.039999999999982716,"head":[0,0,0,0],"loomPathway":"both","gate":false,"reason":"Target visible through camera","gateReason":"None","loomR":0,"fresh":true,"forward":0.12,"turn":0.011107078039927403},"visible":false,"command":[0.29999999999999999,0.65000000000000002],"fallen":false,"distance":0.27891948579046499,"temporal":null,"pixels":4}],"tick":93},{"time":2.3599999999999719,"collisions":0,"loop":{"speed":0.14761846128900524,"mappingActive":true,"perception":"Beacon visible","neural":[0.29999999999999999,0.2124466758549298],"feedback":{"drive":0.87614505838772705,"enabled":true,"phase":0.054390752465883319},"sampledAt":2.3599999999999719,"reason":"Fly circuit drives walking","command":[0.29999999999999999,0.2124466758549298],"mapping":{"forward":"walk","turn":"follow"},"mappingSummary":"Walk · Follow the turn","pixels":18,"status":"Walking · body responding"},"paused":false,"ducks":[{"id":"duck-1","speed":0.14761846128900524,"position":[0.21818945070884518,-0.016775209985230025,0.11821654240129466],"neural":{"yaw":0.2124466758549298,"spikes":10645,"forward":104.13645822748488,"vx":0.29999999999999999},"neighborVisible":false,"area":0.0029296875,"tilt":2.4468864685080165,"input":{"headReason":"Neutral head","loomL":0,"head":[0,0,0,0],"age":0.039999999999972058,"loomPathway":"both","gate":false,"gateReason":"None","loomR":0,"turn":0.027578947368421064,"fresh":true,"forward":0.12,"reason":"Target visible through camera"},"visible":true,"command":[0.29999999999999999,0.2124466758549298],"fallen":false,"distance":0.32209049133019729,"temporal":null,"pixels":18},{"speed":0.12250469250693789,"id":"duck-2","position":[-0.094472586840482889,-0.0887013293585589,0.11985525074842207],"neural":{"yaw":0.14983230157455441,"spikes":10115,"forward":110.43242982911316,"vx":0.29999999999999999},"neighborVisible":true,"area":0.0009765625,"tilt":3.4108782410136338,"input":{"headReason":"Neutral head","loomL":0,"age":0.039999999999972058,"head":[0,0,0,0],"loomPathway":"both","gate":false,"gateReason":"None","turn":0.044585526315789471,"loomR":0,"fresh":true,"forward":0.12,"reason":"Target visible through camera"},"visible":true,"command":[0.29999999999999999,0.14983230157455441],"fallen":false,"temporal":null,"distance":0.37092467858080558,"pixels":6},{"speed":0.16236733600748945,"id":"duck-3","position":[-0.41297272419981562,0.083530621183221923,0.1193889537082847],"neural":{"yaw":0.65000000000000002,"spikes":10341,"forward":107.95652150529195,"vx":0.29999999999999999},"neighborVisible":true,"area":0.00081380208333333337,"tilt":3.7062329179740239,"input":{"headReason":"Neutral head","loomL":0,"head":[0,0,0,0],"age":0.039999999999972058,"loomPathway":"both","gate":false,"reason":"Target visible through camera","turn":-0.029192982456140357,"gateReason":"None","fresh":true,"forward":0.12,"loomR":0},"visible":true,"command":[0.29999999999999999,0.65000000000000002],"fallen":false,"distance":0.36307337230689324,"temporal":null,"pixels":5}],"tick":118},{"tick":145,"collisions":0,"loop":{"speed":0.18216967285817076,"mappingActive":true,"perception":"Beacon visible","neural":[0.29999999999999999,0.4379017941094937],"feedback":{"phase":0.97416348028330768,"drive":0.69229412540949942,"enabled":true},"sampledAt":2.8999999999999604,"reason":"Fly circuit drives walking","mapping":{"forward":"walk","turn":"follow"},"command":[0.29999999999999999,0.4379017941094937],"mappingSummary":"Walk · Follow the turn","status":"Walking · body responding","pixels":21},"paused":false,"time":2.8999999999999604,"ducks":[{"id":"duck-1","speed":0.18216967285817076,"position":[0.28013118348151594,-0.014645361656152349,0.11957335497427221],"neural":{"yaw":0.4379017941094937,"spikes":13170,"forward":105.65818857979816,"vx":0.29999999999999999},"neighborVisible":false,"area":0.00341796875,"tilt":3.547678894719112,"input":{"headReason":"Neutral head","loomL":0,"head":[0,0,0,0],"age":0.079999999999960547,"loomPathway":"both","gate":false,"gateReason":"None","loomR":0,"reason":"Target visible through camera","turn":0.020842105263157898,"forward":0.12,"fresh":true},"visible":true,"command":[0.29999999999999999,0.4379017941094937],"fallen":false,"temporal":null,"distance":0.40807701822261039,"pixels":21},{"id":"duck-2","speed":0.22571341683673191,"position":[-0.031488356914192453,-0.06598498739982088,0.11771837682552362],"neural":{"yaw":0.58606934428060431,"spikes":12450,"forward":109.50045376238245,"vx":0.29999999999999999},"neighborVisible":true,"area":0.0009765625,"tilt":2.5608612480017445,"input":{"headReason":"Neutral head","loomL":0,"age":0.079999999999960547,"head":[0,0,0,0],"loomPathway":"both","gate":false,"reason":"Target visible through camera","loomR":0,"turn":0.021762406015037591,"fresh":true,"forward":0.12,"gateReason":"None"},"visible":true,"command":[0.29999999999999999,0.58606934428060431],"fallen":false,"temporal":null,"distance":0.46313016184282618,"pixels":6},{"speed":0.22310030603991932,"id":"duck-3","position":[-0.35428203914132722,0.054006088086007896,0.11904496622205728],"neural":{"yaw":-0.22839354299293096,"spikes":12717,"forward":107.79479150623979,"vx":0.29999999999999999},"neighborVisible":true,"area":0.00081380208333333337,"tilt":3.897621590356021,"input":{"headReason":"Neutral head","loomL":0,"age":0.079999999999960547,"head":[0,0,0,0],"loomPathway":"both","gate":false,"gateReason":"None","reason":"Target visible through camera","turn":-0.039031578947368389,"fresh":true,"forward":0.12,"loomR":0},"visible":true,"command":[0.29999999999999999,-0.22839354299293096],"fallen":false,"distance":0.45416601344483548,"temporal":null,"pixels":5}]},{"tick":170,"ducks":[{"id":"duck-1","speed":0.21415779011826203,"position":[0.34132623551983354,-0.0019208351892826953,0.1149643422623662],"neural":{"yaw":0.55275849426773083,"spikes":15592,"forward":106.8198553115736,"vx":0.29999999999999999},"neighborVisible":false,"area":0.00390625,"tilt":1.4059739139088898,"input":{"headReason":"Neutral head","loomL":0,"head":[0,0,0,0],"age":0.079999999999949889,"loomPathway":"both","gate":false,"gateReason":"None","loomR":0,"turn":0.012157894736842123,"fresh":true,"forward":0.12,"reason":"Target visible through camera"},"visible":true,"command":[0.29999999999999999,0.55275849426773083],"fallen":false,"distance":0.49674243715374233,"temporal":null,"pixels":24},{"id":"duck-2","speed":0.16671923938509547,"position":[0.030796910175009955,-0.043749469159223404,0.11794842332796354],"neural":{"yaw":-0.37531004262950907,"spikes":14654,"forward":109.58161760439641,"vx":0.29999999999999999},"neighborVisible":true,"area":0,"tilt":2.4640246484826598,"input":{"headReason":"Neutral head","loomL":0,"age":0.079999999999949889,"head":[0,0,0,0],"loomPathway":"both","gate":false,"reason":"Target visible through camera","loomR":0,"gateReason":"None","fresh":true,"turn":-0.017359886201991484,"forward":0.12},"visible":false,"command":[0.29999999999999999,-0.37531004262950907],"fallen":false,"temporal":null,"distance":0.55305860213933733,"pixels":3},{"id":"duck-3","speed":0.19518904163837283,"position":[-0.29980367294998533,0.028406302806596662,0.11577449367057574],"neural":{"yaw":-0.084865575907114882,"spikes":14955,"forward":111.04680710454622,"vx":0.29999999999999999},"neighborVisible":true,"area":0.0009765625,"tilt":0.79524664675227741,"input":{"headReason":"Neutral head","loomL":0,"age":0.079999999999949889,"head":[0,0,0,0],"loomPathway":"both","gate":false,"gateReason":"None","loomR":0,"reason":"Target visible through camera","turn":-0.013108485499462934,"forward":0.12,"fresh":true},"visible":true,"command":[0.29999999999999999,-0.084865575907114882],"fallen":false,"temporal":null,"distance":0.54117320380849832,"pixels":6}],"loop":{"speed":0.21415779011826203,"mappingActive":true,"perception":"Beacon visible","neural":[0.29999999999999999,0.55275849426773083],"feedback":{"phase":0.010332048572753605,"enabled":true,"drive":1},"sampledAt":3.3999999999999497,"reason":"Fly circuit drives walking","mapping":{"forward":"walk","turn":"follow"},"mappingSummary":"Walk · Follow the turn","command":[0.29999999999999999,0.55275849426773083],"status":"Walking · body responding","pixels":24},"paused":false,"time":3.3999999999999497,"collisions":0},{"tick":199,"time":3.9799999999999374,"loop":{"speed":0.21590616052133133,"mappingActive":true,"perception":"Beacon visible","neural":[0.29999999999999999,-0.22660776632115209],"feedback":{"enabled":true,"drive":0.9748983308241107,"phase":0.9602094992200827},"sampledAt":3.9799999999999374,"reason":"Fly circuit drives walking","command":[0.29999999999999999,-0.22660776632115209],"mapping":{"turn":"follow","forward":"walk"},"mappingSummary":"Walk · Follow the turn","pixels":37,"status":"Walking · body responding"},"paused":false,"ducks":[{"id":"duck-1","speed":0.21590616052133133,"position":[0.41322297714506373,-0.0055853340600398992,0.11889028052935308],"neural":{"yaw":-0.22660776632115209,"spikes":18344,"forward":106.96064302996355,"vx":0.29999999999999999},"neighborVisible":false,"area":0.006022135416666667,"tilt":3.5044785565983969,"input":{"headReason":"Neutral head","loomL":0,"head":[0,0,0,0],"age":0.059999999999937881,"loomPathway":"both","gate":false,"reason":"Target visible through camera","turn":-0.0056842105263158072,"loomR":0,"fresh":true,"forward":0.12,"gateReason":"None"},"visible":true,"command":[0.29999999999999999,-0.22660776632115209],"fallen":false,"distance":0.59453339814599904,"temporal":null,"pixels":37},{"speed":0.22321688595696251,"id":"duck-2","position":[0.10209208849642262,-0.044326396376486221,0.11796926398115909],"neural":{"yaw":-0.50208115324798475,"spikes":17156,"forward":111.92281976636511,"vx":0.29999999999999999},"neighborVisible":true,"area":0.0009765625,"tilt":2.2735696592620958,"input":{"headReason":"Neutral head","loomL":0,"head":[0,0,0,0],"age":0.059999999999937881,"loomPathway":"both","gate":false,"gateReason":"None","loomR":0,"reason":"Target visible through camera","fresh":true,"turn":-0.0023100216294160035,"forward":0.12},"visible":true,"command":[0.29999999999999999,-0.50208115324798475],"fallen":false,"distance":0.65023878715960548,"temporal":null,"pixels":6},{"id":"duck-3","speed":0.21168124660181953,"position":[-0.22995538847920427,0.017854972626149112,0.11714683235254543],"neural":{"yaw":0.65000000000000002,"spikes":17514,"forward":109.1969068634951,"vx":0.29999999999999999},"neighborVisible":true,"area":0,"tilt":2.293625305490715,"input":{"headReason":"Neutral head","loomL":0,"head":[0,0,0,0],"age":0.059999999999937881,"loomPathway":"both","gate":false,"reason":"Target visible through camera","turn":0.024631578947368418,"loomR":0,"fresh":true,"forward":0.12,"gateReason":"None"},"visible":false,"command":[0.29999999999999999,0.65000000000000002],"fallen":false,"distance":0.63767775324206866,"temporal":null,"pixels":0}],"collisions":0},{"ducks":[{"id":"duck-1","speed":0.15986651301745966,"position":[0.4831656109787098,-0.0183840626397355,0.12027587038384499],"neural":{"yaw":0.47230555181611211,"spikes":21279,"forward":106.09935800148656,"vx":0.29999999999999999},"neighborVisible":false,"area":0.0084635416666666661,"tilt":4.0219484317637217,"input":{"headReason":"Neutral head","loomL":0,"head":[0,0,0,0],"age":0.079999999999924576,"loomPathway":"both","gate":false,"reason":"Target visible through camera","gateReason":"None","turn":0.022736842105263149,"fresh":true,"forward":0.12,"loomR":0},"visible":true,"command":[0.29999999999999999,0.47230555181611211],"fallen":false,"distance":0.69517839451623842,"temporal":null,"pixels":52},{"id":"duck-2","speed":0.22439432134629256,"position":[0.17865161239807148,-0.037551144633311814,0.11741920837034649],"neural":{"yaw":0.50709967774936004,"spikes":19866,"forward":107.45985203090584,"vx":0.29999999999999999},"neighborVisible":true,"area":0,"tilt":2.7064585008028765,"input":{"headReason":"Neutral head","loomL":0,"age":0.079999999999924576,"head":[0,0,0,0],"loomPathway":"both","gate":false,"gateReason":"None","reason":"Target visible through camera","loomR":0,"turn":0.024287081339712902,"forward":0.12,"fresh":true},"visible":false,"command":[0.29999999999999999,0.50709967774936004],"fallen":false,"distance":0.75589571144824264,"temporal":null,"pixels":2},{"id":"duck-3","speed":0.17327472515440259,"position":[-0.15094977698572917,0.016817885397037081,0.11986274564085805],"neural":{"yaw":-0.64809417795960744,"spikes":20271,"forward":107.12295674694933,"vx":0.29999999999999999},"neighborVisible":true,"area":0.0013020833333333333,"tilt":3.2185668204292424,"input":{"headReason":"Neutral head","loomL":0,"head":[0,0,0,0],"age":0.079999999999924576,"loomPathway":"both","gate":false,"gateReason":"None","turn":-0.054617848970251709,"loomR":0,"fresh":true,"forward":0.12,"reason":"Target visible through camera"},"visible":true,"command":[0.29999999999999999,-0.64809417795960744],"fallen":false,"temporal":null,"distance":0.74485047712620867,"pixels":8}],"tick":230,"loop":{"speed":0.15986651301745966,"mappingActive":true,"perception":"Beacon visible","neural":[0.29999999999999999,0.47230555181611211],"feedback":{"enabled":true,"phase":0.97899760408098779,"drive":0.62780313506716456},"sampledAt":4.5999999999999241,"reason":"Fly circuit drives walking","command":[0.29999999999999999,0.47230555181611211],"mappingSummary":"Walk · Follow the turn","mapping":{"turn":"follow","forward":"walk"},"status":"Walking · body responding","pixels":52},"paused":false,"time":4.5999999999999241,"collisions":0},{"collisions":0,"time":4.5999999999999241,"loop":{"speed":0.15986651301745966,"mappingActive":true,"perception":"Beacon visible","neural":[0.29999999999999999,0.47230555181611211],"feedback":{"enabled":true,"phase":0.97899760408098779,"drive":0.62780313506716456},"sampledAt":4.5999999999999241,"reason":"Fly circuit drives walking","command":[0.29999999999999999,0.47230555181611211],"mappingSummary":"Walk · Follow the turn","mapping":{"turn":"follow","forward":"walk"},"status":"Walking · body responding","pixels":52},"paused":false,"ducks":[{"id":"duck-1","speed":0.15986651301745966,"position":[0.4831656109787098,-0.0183840626397355,0.12027587038384499],"neural":{"yaw":0.47230555181611211,"spikes":21279,"forward":106.09935800148656,"vx":0.29999999999999999},"neighborVisible":false,"area":0.0084635416666666661,"tilt":4.0219484317637217,"input":{"headReason":"Neutral head","loomL":0,"head":[0,0,0,0],"age":0.079999999999924576,"loomPathway":"both","gate":false,"reason":"Target visible through camera","gateReason":"None","turn":0.022736842105263149,"fresh":true,"forward":0.12,"loomR":0},"visible":true,"command":[0.29999999999999999,0.47230555181611211],"fallen":false,"temporal":null,"distance":0.69517839451623842,"pixels":52},{"id":"duck-2","speed":0.22439432134629256,"position":[0.17865161239807148,-0.037551144633311814,0.11741920837034649],"neural":{"yaw":0.50709967774936004,"spikes":19866,"forward":107.45985203090584,"vx":0.29999999999999999},"neighborVisible":true,"area":0,"tilt":2.7064585008028765,"input":{"headReason":"Neutral head","loomL":0,"age":0.079999999999924576,"head":[0,0,0,0],"loomPathway":"both","gate":false,"gateReason":"None","reason":"Target visible through camera","loomR":0,"turn":0.024287081339712902,"forward":0.12,"fresh":true},"visible":false,"command":[0.29999999999999999,0.50709967774936004],"fallen":false,"distance":0.75589571144824264,"temporal":null,"pixels":2},{"speed":0.17327472515440259,"id":"duck-3","position":[-0.15094977698572917,0.016817885397037081,0.11986274564085805],"neural":{"yaw":-0.64809417795960744,"spikes":20271,"forward":107.12295674694933,"vx":0.29999999999999999},"neighborVisible":true,"area":0.0013020833333333333,"tilt":3.2185668204292424,"input":{"headReason":"Neutral head","loomL":0,"head":[0,0,0,0],"age":0.079999999999924576,"loomPathway":"both","gate":false,"gateReason":"None","turn":-0.054617848970251709,"loomR":0,"fresh":true,"forward":0.12,"reason":"Target visible through camera"},"visible":true,"command":[0.29999999999999999,-0.64809417795960744],"fallen":false,"distance":0.74485047712620867,"temporal":null,"pixels":8}],"tick":230},{"collisions":0,"ducks":[{"speed":0.11375333756271212,"id":"duck-1","position":[0.55947681889954126,0.0021840470654347749,0.12059053046096684],"neural":{"yaw":-0.065349871029724907,"spikes":24164,"forward":105.47918902702438,"vx":0.29999999999999999},"neighborVisible":false,"area":0.013346354166666666,"tilt":3.6631895404646455,"input":{"headReason":"Neutral head","loomL":0,"age":0.079999999999911253,"head":[0,0,0,0],"loomPathway":"both","gate":false,"gateReason":"None","loomR":0,"turn":-0.011691912708600788,"fresh":true,"forward":0.12,"reason":"Target visible through camera"},"visible":true,"command":[0.29999999999999999,-0.065349871029724907],"fallen":false,"distance":0.80145438390955992,"temporal":null,"pixels":82},{"id":"duck-2","speed":0.1351898457242032,"position":[0.25386889762307868,-0.019935135366674461,0.12119303931395006],"neural":{"yaw":-0.6199286622288942,"spikes":22490,"forward":110.79535463014088,"vx":0.29999999999999999},"neighborVisible":true,"area":0,"tilt":3.5526976187465511,"input":{"headReason":"Neutral head","loomL":0,"head":[0,0,0,0],"age":0.079999999999911253,"loomPathway":"both","gate":false,"gateReason":"None","loomR":0,"reason":"Target visible through camera","fresh":true,"forward":0.12,"turn":-0.037426625386996891},"visible":false,"command":[0.29999999999999999,-0.6199286622288942],"fallen":false,"distance":0.85913674597072975,"temporal":null,"pixels":1},{"speed":0.12364728870919468,"id":"duck-3","position":[-0.078227192956811742,-0.012770871065295297,0.11981387097058495],"neural":{"yaw":0.65000000000000002,"spikes":22926,"forward":111.02210108813917,"vx":0.29999999999999999},"neighborVisible":true,"area":0,"tilt":2.6057924329766777,"input":{"headReason":"Neutral head","loomL":0,"age":0.079999999999911253,"head":[0,0,0,0],"loomPathway":"both","gate":false,"gateReason":"None","turn":0.028848896434634962,"loomR":0,"fresh":true,"forward":0.12,"reason":"Target visible through camera"},"visible":false,"command":[0.29999999999999999,0.65000000000000002],"fallen":false,"temporal":null,"distance":0.850728341173834,"pixels":1}],"loop":{"speed":0.11375333756271212,"mappingActive":true,"perception":"Beacon visible","neural":[0.29999999999999999,-0.065349871029724907],"feedback":{"phase":0.019160017424335818,"drive":0.72804312103809243,"enabled":true},"sampledAt":5.1999999999999114,"reason":"Fly circuit drives walking","command":[0.29999999999999999,-0.065349871029724907],"mappingSummary":"Walk · Follow the turn","mapping":{"forward":"walk","turn":"follow"},"pixels":82,"status":"Walking · body responding"},"paused":false,"time":5.1999999999999114,"tick":260}],"openEnded":{"collisions":0,"ducks":[{"id":"duck-1","speed":0.23117586076681368,"position":[0.70494492215135007,-0.0047812663328092118,0.11535759642679536],"neural":{"yaw":0.52453440222860648,"spikes":29897,"forward":105.35762898024829,"vx":0.29999999999999999},"neighborVisible":false,"area":0.046712239583333336,"tilt":0.60490267448521018,"input":{"headReason":"Neutral head","loomL":0,"head":[0,0,0,0],"age":0.079999999999886384,"loomPathway":"both","gate":false,"gateReason":"None","turn":0.01899358151476253,"reason":"Target visible through camera","fresh":true,"forward":0.12,"loomR":0},"visible":true,"command":[0.29999999999999999,0.52453440222860648],"fallen":false,"distance":1.0074912572651529,"temporal":null,"pixels":287},{"id":"duck-2","speed":0.1899239703020057,"position":[0.40085407999909373,-0.014620300216523711,0.11615103987732917],"neural":{"yaw":0.075065251696454033,"spikes":27732,"forward":109.23087928063778,"vx":0.29999999999999999},"neighborVisible":true,"area":0.0013020833333333333,"tilt":1.9285395449825005,"input":{"headReason":"Neutral head","loomL":0,"age":0.079999999999886384,"head":[0,0,0,0],"loomPathway":"both","gate":false,"reason":"Target visible through camera","loomR":0,"gateReason":"None","fresh":true,"forward":0.12,"turn":-0.0026526315789473687},"visible":true,"command":[0.29999999999999999,0.075065251696454033],"fallen":false,"temporal":null,"distance":1.0672258093353659,"pixels":8},{"speed":0.22055689888658775,"id":"duck-3","position":[0.075164534399940641,-0.0063061365894066315,0.11940215997648745],"neural":{"yaw":-0.35614799292003307,"spikes":28220,"forward":108.67673019298996,"vx":0.29999999999999999},"neighborVisible":true,"area":0.0009765625,"tilt":4.0073146572466527,"input":{"headReason":"Neutral head","loomL":0,"head":[0,0,0,0],"age":0.079999999999886384,"loomPathway":"both","gate":false,"gateReason":"None","reason":"Target visible through camera","turn":-0.039731174089068816,"fresh":true,"loomR":0,"forward":0.12},"visible":true,"command":[0.29999999999999999,-0.35614799292003307],"fallen":false,"distance":1.0587027604710348,"temporal":null,"pixels":6}],"loop":{"speed":0.23117586076681368,"mappingActive":true,"perception":"Beacon visible","neural":[0.29999999999999999,0.52453440222860648],"feedback":{"phase":0.97628307271030501,"drive":1,"enabled":true},"sampledAt":6.3999999999998858,"reason":"Fly circuit drives walking","mapping":{"turn":"follow","forward":"walk"},"mappingSummary":"Walk · Follow the turn","command":[0.29999999999999999,0.52453440222860648],"pixels":287,"status":"Walking · body responding"},"paused":false,"time":6.3999999999998858,"tick":320},"title":"Follow the flock","final":{"ducks":[{"id":"duck-1","speed":0.11531260753241218,"position":[0.56164368393209052,0.0016007978930905654,0.1208124642811713],"neural":{"yaw":-0.063042058396846096,"spikes":24260,"forward":104.27887420311546,"vx":0.29999999999999999},"neighborVisible":false,"area":0.014485677083333334,"tilt":3.7162047358203982,"input":{"headReason":"Neutral head","loomL":0,"age":0,"head":[0,0,0,0],"loomPathway":"both","gate":false,"reason":"Target visible through camera","turn":-0.0041513897102306218,"gateReason":"None","fresh":true,"forward":0.12,"loomR":0},"visible":true,"command":[0.29999999999999999,-0.063042058396846096],"fallen":false,"temporal":null,"distance":0.80369837224872853,"pixels":89},{"id":"duck-2","speed":0.17278425887228879,"position":[0.25669224949442143,-0.021480907521701603,0.1208189916986329],"neural":{"yaw":-0.65000000000000002,"spikes":22564,"forward":113.16425915286818,"vx":0.29999999999999999},"neighborVisible":true,"area":0.0013020833333333333,"tilt":3.6340494973093254,"input":{"headReason":"Neutral head","loomL":0,"age":0,"head":[0,0,0,0],"loomPathway":"both","gate":false,"reason":"Target visible through camera","turn":0.0050760233918128667,"loomR":0,"fresh":true,"forward":0.12,"gateReason":"None"},"visible":true,"command":[0.29999999999999999,-0.65000000000000002],"fallen":false,"distance":0.86235555434413003,"temporal":null,"pixels":8},{"speed":0.11082590612406955,"id":"duck-3","position":[-0.076018096020089063,-0.012541794070643233,0.12017217133845348],"neural":{"yaw":0.65000000000000002,"spikes":23013,"forward":109.44647098460599,"vx":0.29999999999999999},"neighborVisible":true,"area":0,"tilt":2.7624377829209883,"input":{"headReason":"Neutral head","loomL":0,"age":0,"head":[0,0,0,0],"loomPathway":"both","gate":false,"gateReason":"None","loomR":0,"reason":"Target visible through camera","fresh":true,"forward":0.12,"turn":0.037056082830025892},"visible":false,"command":[0.29999999999999999,0.65000000000000002],"fallen":false,"temporal":null,"distance":0.85294928366415568,"pixels":0}],"collisions":0,"loop":{"speed":0.11531260753241218,"mappingActive":true,"perception":"Beacon visible","neural":[0.29999999999999999,-0.063042058396846096],"feedback":{"drive":0.56876668781356055,"enabled":true,"phase":0.0064953067302737644},"sampledAt":5.2199999999999109,"reason":"Fly circuit drives walking","mapping":{"forward":"walk","turn":"follow"},"command":[0.29999999999999999,-0.063042058396846096],"mappingSummary":"Walk · Follow the turn","pixels":89,"status":"Paused · Run or Step to advance"},"paused":true,"time":5.2199999999999109,"tick":261}},{"id":"loom","title":"Approaching threat","openEnded":{"tick":333,"collisions":10,"loop":{"speed":0.16984577232559461,"mappingActive":true,"perception":"No cue detected","neural":[0,0],"feedback":{"phase":0.078620654818040148,"enabled":true,"drive":0.71243558943537477},"sampledAt":6.6599999999998802,"reason":"Target absent","mapping":{"turn":"follow","forward":"walk"},"mappingSummary":"Walk · Follow the turn","command":[0,0],"status":"Beacon lost · forward blocked","pixels":0},"paused":false,"time":6.6599999999998802,"ducks":[{"id":"duck-1","speed":0.16984577232559461,"position":[-0.48800678444112305,-0.081504817620817904,0.118700336976812],"neural":{"yaw":0,"spikes":204180,"forward":4.0860961453622462,"vx":0},"neighborVisible":false,"area":0,"tilt":2.2585411007536242,"input":{"headReason":"Neutral head","loomL":1,"head":[0,0,0,0],"age":0.039999999999880131,"loomPathway":"both","gate":true,"gateReason":"Target absent","turn":0,"reason":"Target absent from camera","fresh":true,"forward":0,"loomR":0},"visible":false,"command":[0,0],"fallen":false,"temporal":null,"distance":0.60161733815009133,"pixels":0}]},"samples":[{"tick":29,"ducks":[{"id":"duck-1","speed":0.019609470331183314,"position":[0.018202973132708352,0.014297159026621816,0.1163979739331806],"neural":{"yaw":0,"spikes":11597,"forward":105.18553569209642,"vx":0},"neighborVisible":false,"area":0.0017903645833333333,"tilt":3.7518632704714898,"input":{"headReason":"Neutral head","loomL":0,"head":[0,0,0,0],"age":0.060000000000000386,"loomPathway":"both","gate":false,"gateReason":"None","turn":-0.0032727272727272939,"loomR":0.92029673021753344,"reason":"Target visible through camera","forward":0.12,"fresh":true},"visible":true,"command":[0,0],"fallen":false,"temporal":null,"distance":0.03712891851225647,"pixels":11}],"loop":{"speed":0.019609470331183314,"mappingActive":true,"perception":"Beacon visible","neural":[0,0],"feedback":{"drive":0.14894912657468942,"phase":0.95327682879980669,"enabled":true},"sampledAt":0.5800000000000004,"reason":"GF stop reflex active","command":[0,0],"mapping":{"turn":"follow","forward":"walk"},"mappingSummary":"Walk · Follow the turn","pixels":11,"status":"GF stop reflex active"},"paused":false,"time":0.5800000000000004,"collisions":0},{"time":1.4799999999999904,"tick":74,"loop":{"speed":0.0031620550131142926,"mappingActive":true,"perception":"No cue detected","neural":[0,0],"feedback":{"enabled":true,"phase":0.99763762886940333,"drive":0.01873709580763747},"sampledAt":1.4799999999999904,"reason":"Target absent","mapping":{"turn":"follow","forward":"walk"},"command":[0,0],"mappingSummary":"Walk · Follow the turn","pixels":0,"status":"Beacon lost · forward blocked"},"paused":false,"ducks":[{"id":"duck-1","speed":0.0031620550131142926,"position":[0.01056597615824071,0.010116297411086307,0.11616970831354489],"neural":{"yaw":0,"spikes":18035,"forward":55.64212835175875,"vx":0},"neighborVisible":false,"area":0,"tilt":0.44146210311561845,"input":{"headReason":"Neutral head","loomL":0.14079660683684977,"head":[0,0,0,0],"age":0.059999999999990727,"loomPathway":"both","gate":true,"reason":"Target absent from camera","turn":0,"loomR":0.060999980635663364,"gateReason":"Target absent","fresh":true,"forward":0},"visible":false,"command":[0,0],"fallen":false,"distance":0.048275261230934674,"temporal":null,"pixels":0}],"collisions":0},{"collisions":0,"time":2.3599999999999719,"loop":{"speed":0.0033511092842458514,"mappingActive":true,"perception":"No cue detected","neural":[0,0],"feedback":{"phase":0.98520035742024348,"enabled":true,"drive":0.012034361609845804},"sampledAt":2.3599999999999719,"reason":"Target absent","mapping":{"turn":"follow","forward":"walk"},"mappingSummary":"Walk · Follow the turn","command":[0,0],"status":"Beacon lost · forward blocked","pixels":0},"paused":false,"ducks":[{"speed":0.0033511092842458514,"id":"duck-1","position":[0.010522061521574786,0.010289620456684957,0.1161774290906924],"neural":{"yaw":0,"spikes":23350,"forward":6.82065702419772,"vx":0},"neighborVisible":false,"area":0,"tilt":0.52339336436296269,"input":{"headReason":"Neutral head","loomL":0.18935464587638434,"head":[0,0,0,0],"age":0.039999999999972058,"loomPathway":"both","gate":true,"gateReason":"Target absent","turn":0,"loomR":0.11148536921212084,"fresh":true,"forward":0,"reason":"Target absent from camera"},"visible":false,"command":[0,0],"fallen":false,"distance":0.05110565847054057,"temporal":null,"pixels":0}],"tick":118},{"ducks":[{"id":"duck-1","speed":0.0033511092842458514,"position":[0.010522061521574786,0.010289620456684957,0.1161774290906924],"neural":{"yaw":0,"spikes":23350,"forward":6.82065702419772,"vx":0},"neighborVisible":false,"area":0,"tilt":0.52339336436296269,"input":{"headReason":"Neutral head","loomL":0.18935464587638434,"head":[0,0,0,0],"age":0.039999999999972058,"loomPathway":"both","gate":true,"gateReason":"Target absent","turn":0,"loomR":0.11148536921212084,"fresh":true,"forward":0,"reason":"Target absent from camera"},"visible":false,"command":[0,0],"fallen":false,"temporal":null,"distance":0.05110565847054057,"pixels":0}],"collisions":0,"loop":{"speed":0.0033511092842458514,"mappingActive":true,"perception":"No cue detected","neural":[0,0],"feedback":{"phase":0.98520035742024348,"enabled":true,"drive":0.012034361609845804},"sampledAt":2.3599999999999719,"reason":"Target absent","mapping":{"turn":"follow","forward":"walk"},"mappingSummary":"Walk · Follow the turn","command":[0,0],"status":"Beacon lost · forward blocked","pixels":0},"paused":false,"time":2.3599999999999719,"tick":118},{"collisions":0,"ducks":[{"id":"duck-1","speed":0.0024436744130013764,"position":[0.010502618223395342,0.010500265059622562,0.1162000440673526],"neural":{"yaw":0,"spikes":36653,"forward":3.360389742232218,"vx":0},"neighborVisible":false,"area":0,"tilt":0.6000308510677379,"input":{"headReason":"Neutral head","loomL":0.37988209860495525,"head":[0,0,0,0],"age":0.039999999999955183,"loomPathway":"both","gate":true,"reason":"Target absent from camera","loomR":0.3090332174826485,"gateReason":"Target absent","fresh":true,"forward":0,"turn":0},"visible":false,"command":[0,0],"fallen":false,"distance":0.053438713851095755,"temporal":null,"pixels":0}],"loop":{"speed":0.0024436744130013764,"mappingActive":true,"perception":"No cue detected","neural":[0,0],"feedback":{"enabled":true,"phase":6.4480833966262807e-05,"drive":0.0083593056934590116},"sampledAt":3.1599999999999548,"reason":"Target absent","mapping":{"turn":"follow","forward":"walk"},"command":[0,0],"mappingSummary":"Walk · Follow the turn","status":"Beacon lost · forward blocked","pixels":0},"paused":false,"time":3.1599999999999548,"tick":158},{"collisions":0,"ducks":[{"id":"duck-1","speed":0.0024436744130013764,"position":[0.010502618223395342,0.010500265059622562,0.1162000440673526],"neural":{"yaw":0,"spikes":36653,"forward":3.360389742232218,"vx":0},"neighborVisible":false,"area":0,"tilt":0.6000308510677379,"input":{"headReason":"Neutral head","loomL":0.37988209860495525,"head":[0,0,0,0],"age":0.039999999999955183,"loomPathway":"both","gate":true,"reason":"Target absent from camera","loomR":0.3090332174826485,"gateReason":"Target absent","fresh":true,"forward":0,"turn":0},"visible":false,"command":[0,0],"fallen":false,"distance":0.053438713851095755,"temporal":null,"pixels":0}],"loop":{"speed":0.0024436744130013764,"mappingActive":true,"perception":"No cue detected","neural":[0,0],"feedback":{"enabled":true,"phase":6.4480833966262807e-05,"drive":0.0083593056934590116},"sampledAt":3.1599999999999548,"reason":"Target absent","mapping":{"turn":"follow","forward":"walk"},"command":[0,0],"mappingSummary":"Walk · Follow the turn","status":"Beacon lost · forward blocked","pixels":0},"paused":false,"time":3.1599999999999548,"tick":158},{"tick":199,"collisions":0,"loop":{"speed":0.00094176335257789665,"mappingActive":true,"perception":"No cue detected","neural":[0,-0.13975401354296729],"feedback":{"phase":0.00016456900212435954,"drive":0.0079471272163841086,"enabled":true},"sampledAt":3.9799999999999374,"reason":"Target absent","command":[0,-0.13975401354296729],"mapping":{"turn":"follow","forward":"walk"},"mappingSummary":"Walk · Follow the turn","status":"Beacon lost · forward blocked","pixels":0},"paused":false,"time":3.9799999999999374,"ducks":[{"speed":0.00094176335257789665,"id":"duck-1","position":[0.010427812507591658,0.010609409302243258,0.11619905509681513],"neural":{"yaw":-0.13975401354296729,"spikes":83530,"forward":0.52134543847198256,"vx":0},"neighborVisible":false,"area":0,"tilt":0.63180050468584947,"input":{"headReason":"Neutral head","loomL":1,"head":[0,0,0,0],"age":0.059999999999937881,"loomPathway":"both","gate":true,"gateReason":"Target absent","turn":0,"loomR":1,"fresh":true,"forward":0,"reason":"Target absent from camera"},"visible":false,"command":[0,-0.13975401354296729],"fallen":false,"temporal":null,"distance":0.055436758747873266,"pixels":0}]},{"time":4.7399999999999212,"tick":237,"loop":{"speed":0.18310434737527417,"mappingActive":true,"perception":"No cue detected","neural":[0,0],"feedback":{"drive":0.8572803764244965,"phase":0.010968833810442336,"enabled":true},"sampledAt":4.7399999999999212,"reason":"Target absent","mapping":{"forward":"walk","turn":"follow"},"command":[0,0],"mappingSummary":"Walk · Follow the turn","status":"Beacon lost · forward blocked","pixels":0},"paused":false,"ducks":[{"id":"duck-1","speed":0.18310434737527417,"position":[-0.040783321648493367,0.012853696585381694,0.11677914082318286],"neural":{"yaw":0,"spikes":127120,"forward":8.3259836066254582,"vx":0},"neighborVisible":false,"area":0,"tilt":1.3283959016803155,"input":{"headReason":"Neutral head","loomL":0,"head":[0,0,0,0],"age":0.019999999999921414,"loomPathway":"both","gate":true,"reason":"Target absent from camera","loomR":1,"turn":0,"fresh":true,"forward":0,"gateReason":"Target absent"},"visible":false,"command":[0,0],"fallen":false,"distance":0.11254597440762124,"temporal":null,"pixels":0}],"collisions":1},{"time":4.7399999999999212,"tick":237,"loop":{"speed":0.18310434737527417,"mappingActive":true,"perception":"No cue detected","neural":[0,0],"feedback":{"drive":0.8572803764244965,"phase":0.010968833810442336,"enabled":true},"sampledAt":4.7399999999999212,"reason":"Target absent","mapping":{"forward":"walk","turn":"follow"},"command":[0,0],"mappingSummary":"Walk · Follow the turn","status":"Beacon lost · forward blocked","pixels":0},"paused":false,"ducks":[{"speed":0.18310434737527417,"id":"duck-1","position":[-0.040783321648493367,0.012853696585381694,0.11677914082318286],"neural":{"yaw":0,"spikes":127120,"forward":8.3259836066254582,"vx":0},"neighborVisible":false,"area":0,"tilt":1.3283959016803155,"input":{"headReason":"Neutral head","loomL":0,"head":[0,0,0,0],"age":0.019999999999921414,"loomPathway":"both","gate":true,"reason":"Target absent from camera","loomR":1,"turn":0,"fresh":true,"forward":0,"gateReason":"Target absent"},"visible":false,"command":[0,0],"fallen":false,"distance":0.11254597440762124,"temporal":null,"pixels":0}],"collisions":1},{"collisions":6,"time":5.6999999999999007,"loop":{"speed":0.30304717423514205,"mappingActive":true,"perception":"No cue detected","neural":[0,0],"feedback":{"enabled":true,"drive":1,"phase":0.87925084335594639},"sampledAt":5.6999999999999007,"reason":"Target absent","command":[0,0],"mappingSummary":"Walk · Follow the turn","mapping":{"forward":"walk","turn":"follow"},"pixels":0,"status":"Beacon lost · forward blocked"},"paused":false,"ducks":[{"speed":0.30304717423514205,"id":"duck-1","position":[-0.27793886004183016,-0.017358393099302993,0.11369027538126478],"neural":{"yaw":0,"spikes":170846,"forward":0.51700225303149949,"vx":0},"neighborVisible":false,"area":0,"tilt":1.7141783732259661,"input":{"headReason":"Neutral head","loomL":1,"age":0.079999999999900595,"head":[0,0,0,0],"loomPathway":"both","gate":true,"reason":"Target absent from camera","loomR":0,"turn":0,"fresh":true,"forward":0,"gateReason":"Target absent"},"visible":false,"command":[0,0],"fallen":false,"distance":0.36687317570384559,"temporal":null,"pixels":0}],"tick":285}],"final":{"ducks":[{"id":"duck-1","speed":0.20510500088897543,"position":[-0.28187485503732351,-0.019612413500804986,0.11511107194380904],"neural":{"yaw":0,"spikes":171749,"forward":0.43732745480257762,"vx":0},"neighborVisible":false,"area":0,"tilt":1.2157921155157365,"input":{"headReason":"Neutral head","loomL":0,"head":[0,0,0,0],"age":0,"loomPathway":"both","gate":true,"gateReason":"Target absent","loomR":1,"reason":"Target absent from camera","turn":0,"forward":0,"fresh":true},"visible":false,"command":[0,0],"fallen":false,"temporal":null,"distance":0.37140888563448887,"pixels":0}],"tick":286,"loop":{"speed":0.20510500088897543,"mappingActive":true,"perception":"No cue detected","neural":[0,0],"feedback":{"phase":0.89979849357583352,"enabled":true,"drive":1},"sampledAt":5.7199999999999003,"reason":"Target absent","mapping":{"turn":"follow","forward":"walk"},"mappingSummary":"Walk · Follow the turn","command":[0,0],"status":"Paused · Run or Step to advance","pixels":0},"paused":true,"time":5.7199999999999003,"collisions":6}},{"id":"vision","openEnded":{"collisions":0,"ducks":[{"speed":0.12146182229536873,"id":"duck-1","position":[0.70966854426989046,-0.011535905762409366,0.1211198177509523],"neural":{"yaw":0.18947576911417952,"spikes":33430,"forward":108.92489486344792,"vx":0.29999999999999999},"neighborVisible":false,"area":0.036458333333333336,"tilt":4.2189081343849413,"input":{"headReason":"Neutral head","loomL":0,"head":[0,0,0,0],"age":0.01999999999989388,"loomPathway":"lplc2","gate":false,"reason":"Target visible through camera","loomR":0,"turn":0.010299927275091549,"fresh":true,"gateReason":"None","forward":0.12},"visible":true,"command":[0.29999999999999999,0.18947576911417952],"fallen":false,"temporal":null,"distance":0.98177392149761433,"pixels":224}],"loop":{"speed":0.12146182229536873,"mappingActive":true,"perception":"Beacon visible","neural":[0.29999999999999999,0.18947576911417952],"feedback":{"drive":0.51049612339033457,"phase":0.98489984517449747,"enabled":true},"sampledAt":6.0399999999998935,"reason":"Fly circuit drives walking","mapping":{"turn":"follow","forward":"walk"},"mappingSummary":"Walk · Follow the turn","command":[0.29999999999999999,0.18947576911417952],"pixels":224,"status":"Walking · body responding"},"paused":false,"time":6.0399999999998935,"tick":302},"samples":[{"collisions":0,"tick":42,"loop":{"speed":0.10436138874333038,"mappingActive":true,"perception":"Beacon visible","neural":[0.29999999999999999,0.04346644608501183],"feedback":{"drive":0.70253922996942075,"phase":0.030998383228012072,"enabled":true},"sampledAt":0.84000000000000064,"reason":"Fly circuit drives walking","command":[0.29999999999999999,0.04346644608501183],"mappingSummary":"Walk · Follow the turn","mapping":{"turn":"follow","forward":"walk"},"status":"Walking · body responding","pixels":16},"paused":false,"time":0.84000000000000064,"ducks":[{"speed":0.10436138874333038,"id":"duck-1","position":[0.064336904690321606,-0.00014886600228013628,0.11955686529693837],"neural":{"yaw":0.04346644608501183,"spikes":3968,"forward":105.93060502715066,"vx":0.29999999999999999},"neighborVisible":false,"area":0.0026041666666666665,"tilt":2.9502172180897039,"input":{"headReason":"Neutral head","loomL":0.13531740584532739,"age":0.020000000000000573,"head":[0,0,0,0],"loomPathway":"lplc2","gate":false,"gateReason":"None","loomR":0,"turn":-0.0085741357404751587,"fresh":true,"forward":0.12,"reason":"Target visible through camera"},"visible":true,"command":[0.29999999999999999,0.04346644608501183],"fallen":false,"temporal":null,"distance":0.090662597642547679,"pixels":16}]},{"collisions":0,"tick":70,"loop":{"speed":0.19858683157884877,"mappingActive":true,"perception":"Beacon visible","neural":[0.29999999999999999,0.077400182104199064],"feedback":{"phase":0.057651268443782877,"enabled":true,"drive":1},"sampledAt":1.3999999999999921,"reason":"Fly circuit drives walking","mapping":{"forward":"walk","turn":"follow"},"mappingSummary":"Walk · Follow the turn","command":[0.29999999999999999,0.077400182104199064],"pixels":18,"status":"Walking · body responding"},"paused":false,"ducks":[{"id":"duck-1","speed":0.19858683157884877,"position":[0.1263609686461574,0.02150537019589336,0.11672613972078467],"neural":{"yaw":0.077400182104199064,"spikes":7024,"forward":106.37882774118957,"vx":0.29999999999999999},"neighborVisible":false,"area":0.0029296875,"tilt":2.2847334081939699,"input":{"headReason":"Neutral head","loomL":0,"age":0.019999999999992468,"head":[0,0,0,0],"loomPathway":"lplc2","gate":false,"reason":"Target visible through camera","loomR":0,"gateReason":"None","turn":-0.008190626902148888,"forward":0.12,"fresh":true},"visible":true,"command":[0.29999999999999999,0.077400182104199064],"fallen":false,"temporal":null,"distance":0.18201336106249988,"pixels":18}],"time":1.3999999999999921},{"time":2.0399999999999787,"tick":102,"loop":{"speed":0.19828546253310411,"mappingActive":true,"perception":"Beacon visible","neural":[0.29999999999999999,0.41314979736439789],"feedback":{"enabled":true,"drive":1,"phase":0.01783985391477394},"sampledAt":2.0399999999999787,"reason":"Fly circuit drives walking","mapping":{"turn":"follow","forward":"walk"},"command":[0.29999999999999999,0.41314979736439789],"mappingSummary":"Walk · Follow the turn","pixels":32,"status":"Walking · body responding"},"paused":false,"ducks":[{"id":"duck-1","speed":0.19828546253310411,"position":[0.20395459332067431,0.0049633320246489851,0.11615385953639566],"neural":{"yaw":0.41314979736439789,"spikes":10485,"forward":105.63793103882324,"vx":0.29999999999999999},"neighborVisible":false,"area":0.005208333333333333,"tilt":1.3007074444937374,"input":{"headReason":"Neutral head","loomL":0,"age":0.019999999999979146,"head":[0,0,0,0],"loomPathway":"lplc2","gate":false,"gateReason":"None","reason":"Target visible through camera","turn":0.035296628642337818,"fresh":true,"forward":0.12,"loomR":0},"visible":true,"command":[0.29999999999999999,0.41314979736439789],"fallen":false,"temporal":null,"distance":0.29171110444323789,"pixels":32}],"collisions":0},{"ducks":[{"id":"duck-1","speed":0.19828546253310411,"position":[0.20395459332067431,0.0049633320246489851,0.11615385953639566],"neural":{"yaw":0.41314979736439789,"spikes":10485,"forward":105.63793103882324,"vx":0.29999999999999999},"neighborVisible":false,"area":0.005208333333333333,"tilt":1.3007074444937374,"input":{"headReason":"Neutral head","loomL":0,"age":0.019999999999979146,"head":[0,0,0,0],"loomPathway":"lplc2","gate":false,"gateReason":"None","reason":"Target visible through camera","turn":0.035296628642337818,"fresh":true,"forward":0.12,"loomR":0},"visible":true,"command":[0.29999999999999999,0.41314979736439789],"fallen":false,"distance":0.29171110444323789,"temporal":null,"pixels":32}],"collisions":0,"loop":{"speed":0.19828546253310411,"mappingActive":true,"perception":"Beacon visible","neural":[0.29999999999999999,0.41314979736439789],"feedback":{"enabled":true,"drive":1,"phase":0.01783985391477394},"sampledAt":2.0399999999999787,"reason":"Fly circuit drives walking","mapping":{"turn":"follow","forward":"walk"},"command":[0.29999999999999999,0.41314979736439789],"mappingSummary":"Walk · Follow the turn","pixels":32,"status":"Walking · body responding"},"paused":false,"time":2.0399999999999787,"tick":102},{"tick":136,"collisions":0,"loop":{"speed":0.17458661267130923,"mappingActive":true,"perception":"Beacon visible","neural":[0.29999999999999999,-0.65000000000000002],"feedback":{"enabled":true,"drive":0.92470718838093513,"phase":0.065979091396207723},"sampledAt":2.7199999999999642,"reason":"Fly circuit drives walking","mapping":{"turn":"follow","forward":"walk"},"mappingSummary":"Walk · Follow the turn","command":[0.29999999999999999,-0.65000000000000002],"pixels":40,"status":"Walking · body responding"},"paused":false,"ducks":[{"id":"duck-1","speed":0.17458661267130923,"position":[0.28991755847800249,0.020384421547906029,0.11804477816075611],"neural":{"yaw":-0.65000000000000002,"spikes":14837,"forward":107.93376739916781,"vx":0.29999999999999999},"neighborVisible":false,"area":0.006510416666666667,"tilt":1.8737751042102397,"input":{"headReason":"Neutral head","loomL":0,"age":0.019999999999964491,"head":[0,0,0,0],"loomPathway":"lplc2","gate":false,"reason":"Target visible through camera","loomR":0,"gateReason":"None","fresh":true,"forward":0.12,"turn":-0.041924454241252095},"visible":true,"command":[0.29999999999999999,-0.65000000000000002],"fallen":false,"distance":0.40926646126127109,"temporal":null,"pixels":40}],"time":2.7199999999999642},{"ducks":[{"id":"duck-1","speed":0.19056644367311212,"position":[0.36766932654259404,0.0028197916689792235,0.11546110699343233],"neural":{"yaw":0.61189175634452431,"spikes":17868,"forward":107.69526374601774,"vx":0.29999999999999999},"neighborVisible":false,"area":0.0091145833333333339,"tilt":0.47969767522172324,"input":{"headReason":"Neutral head","loomL":0,"age":0.019999999999951612,"head":[0,0,0,0],"loomPathway":"lplc2","gate":false,"reason":"Target visible through camera","loomR":0,"turn":0.039828905412500296,"fresh":true,"forward":0.12,"gateReason":"None"},"visible":true,"command":[0.29999999999999999,0.61189175634452431],"fallen":false,"temporal":null,"distance":0.51508087407275571,"pixels":56}],"tick":166,"loop":{"speed":0.19056644367311212,"mappingActive":true,"perception":"Beacon visible","neural":[0.29999999999999999,0.61189175634452431],"feedback":{"drive":1,"enabled":true,"phase":0.98789668266984654},"sampledAt":3.3199999999999514,"reason":"Fly circuit drives walking","mapping":{"turn":"follow","forward":"walk"},"command":[0.29999999999999999,0.61189175634452431],"mappingSummary":"Walk · Follow the turn","status":"Walking · body responding","pixels":56},"paused":false,"time":3.3199999999999514,"collisions":0},{"tick":194,"ducks":[{"speed":0.20687021452756402,"id":"duck-1","position":[0.43043250253480292,0.0048835857355347938,0.11869334396644748],"neural":{"yaw":0.65000000000000002,"spikes":20662,"forward":104.30143375120848,"vx":0.29999999999999999},"neighborVisible":false,"area":0.0099283854166666661,"tilt":3.2600268998045343,"input":{"headReason":"Neutral head","loomL":0,"head":[0,0,0,0],"age":0.019999999999940066,"loomPathway":"lplc2","gate":false,"reason":"Target visible through camera","loomR":0,"gateReason":"None","fresh":true,"forward":0.12,"turn":0.020748778861345945},"visible":true,"command":[0.29999999999999999,0.65000000000000002],"fallen":false,"temporal":null,"distance":0.6027393884868546,"pixels":61}],"loop":{"speed":0.20687021452756402,"mappingActive":true,"perception":"Beacon visible","neural":[0.29999999999999999,0.65000000000000002],"feedback":{"drive":0.92491155163936656,"enabled":true,"phase":0.95997350851875674},"sampledAt":3.8799999999999395,"reason":"Fly circuit drives walking","mapping":{"turn":"follow","forward":"walk"},"mappingSummary":"Walk · Follow the turn","command":[0.29999999999999999,0.65000000000000002],"status":"Walking · body responding","pixels":61},"paused":false,"time":3.8799999999999395,"collisions":0},{"tick":224,"time":4.4799999999999267,"loop":{"speed":0.13641986743987106,"mappingActive":true,"perception":"Beacon visible","neural":[0.29999999999999999,-0.65000000000000002],"feedback":{"phase":0.016084494626046331,"enabled":true,"drive":0.72813244784937037},"sampledAt":4.4799999999999267,"reason":"Fly circuit drives walking","mapping":{"turn":"follow","forward":"walk"},"command":[0.29999999999999999,-0.65000000000000002],"mappingSummary":"Walk · Follow the turn","status":"Walking · body responding","pixels":116},"paused":false,"ducks":[{"id":"duck-1","speed":0.13641986743987106,"position":[0.50870460648232418,0.018481043339895142,0.12149133121677019],"neural":{"yaw":-0.65000000000000002,"spikes":24184,"forward":110.64868340126942,"vx":0.29999999999999999},"neighborVisible":false,"area":0.018880208333333332,"tilt":3.7027972594904459,"input":{"headReason":"Neutral head","loomL":0,"head":[0,0,0,0],"age":0.019999999999926743,"loomPathway":"lplc2","gate":false,"reason":"Target visible through camera","turn":-0.04351842174655994,"gateReason":"None","fresh":true,"forward":0.12,"loomR":0},"visible":true,"command":[0.29999999999999999,-0.65000000000000002],"fallen":false,"distance":0.70887941467675197,"temporal":null,"pixels":116}],"collisions":0},{"collisions":0,"time":4.9199999999999173,"loop":{"speed":0.1089740959670471,"mappingActive":true,"perception":"Beacon visible","neural":[0.29999999999999999,-0.65000000000000002],"feedback":{"phase":0.02033449187707137,"enabled":true,"drive":0.6595696565946072},"sampledAt":4.9199999999999173,"reason":"Fly circuit drives walking","command":[0.29999999999999999,-0.65000000000000002],"mapping":{"forward":"walk","turn":"follow"},"mappingSummary":"Walk · Follow the turn","status":"Walking · body responding","pixels":165},"paused":false,"ducks":[{"id":"duck-1","speed":0.1089740959670471,"position":[0.56621436166634875,0.015775279878821734,0.12088038803537121],"neural":{"yaw":-0.65000000000000002,"spikes":26842,"forward":106.50500627744674,"vx":0.29999999999999999},"neighborVisible":false,"area":0.02685546875,"tilt":3.14852433697479,"input":{"headReason":"Neutral head","loomL":0,"head":[0,0,0,0],"age":0.019999999999917861,"loomPathway":"lplc2","gate":false,"reason":"Target visible through camera","loomR":0,"turn":-0.040592089922005636,"fresh":true,"forward":0.12,"gateReason":"None"},"visible":true,"command":[0.29999999999999999,-0.65000000000000002],"fallen":false,"temporal":null,"distance":0.78667147305363061,"pixels":165}],"tick":246},{"tick":268,"ducks":[{"id":"duck-1","speed":0.12704412580606367,"position":[0.62434045536631833,0.013908085425662964,0.12142784559679752],"neural":{"yaw":-0.31840837235643632,"spikes":29588,"forward":107.39356710575932,"vx":0.29999999999999999},"neighborVisible":false,"area":0.04248046875,"tilt":3.8898264086903409,"input":{"headReason":"Neutral head","loomL":0,"head":[0,0,0,0],"age":0.019999999999908091,"loomPathway":"lplc2","gate":false,"gateReason":"None","turn":-0.03800936846795433,"reason":"Target visible through camera","fresh":true,"forward":0.12,"loomR":0},"visible":true,"command":[0.29999999999999999,-0.31840837235643632],"fallen":false,"distance":0.86413023995754579,"temporal":null,"pixels":261}],"loop":{"speed":0.12704412580606367,"mappingActive":true,"perception":"Beacon visible","neural":[0.29999999999999999,-0.31840837235643632],"feedback":{"drive":0.6858969998254244,"enabled":true,"phase":0.012602791636831201},"sampledAt":5.3599999999999079,"reason":"Fly circuit drives walking","mapping":{"forward":"walk","turn":"follow"},"mappingSummary":"Walk · Follow the turn","command":[0.29999999999999999,-0.31840837235643632],"status":"Walking · body responding","pixels":261},"paused":false,"time":5.3599999999999079,"collisions":0}],"title":"Retinal motion lab","final":{"tick":269,"ducks":[{"id":"duck-1","speed":0.15473814359353194,"position":[0.62695307616608575,0.01275814572365979,0.1211651509328724],"neural":{"yaw":-0.4198936016571137,"spikes":29678,"forward":106.31294448598611,"vx":0.29999999999999999},"neighborVisible":false,"area":0.04150390625,"tilt":3.9088594614886576,"input":{"headReason":"Neutral head","loomL":0,"age":0,"head":[0,0,0,0],"loomPathway":"lplc2","gate":false,"gateReason":"None","loomR":0,"turn":-0.026794401290229513,"reason":"Target visible through camera","forward":0.12,"fresh":true},"visible":true,"command":[0.29999999999999999,-0.4198936016571137],"fallen":false,"temporal":null,"distance":0.86698473619359528,"pixels":255}],"loop":{"speed":0.15473814359353194,"mappingActive":true,"perception":"Beacon visible","neural":[0.29999999999999999,-0.4198936016571137],"feedback":{"drive":0.63522062903031828,"phase":0.99988146878471151,"enabled":true},"sampledAt":5.3799999999999075,"reason":"Fly circuit drives walking","mapping":{"turn":"follow","forward":"walk"},"command":[0.29999999999999999,-0.4198936016571137],"mappingSummary":"Walk · Follow the turn","pixels":255,"status":"Paused · Run or Step to advance"},"paused":true,"time":5.3799999999999075,"collisions":0}},{"id":"empty","samples":[{"collisions":0,"ducks":[{"speed":0.00071797609208660066,"id":"duck-1","position":[0.0022894987997452497,0.00037762836836301514,0.11654005984795535],"neural":{"yaw":-0.086819514355290381,"spikes":2303,"forward":0.23815703030575411,"vx":0},"neighborVisible":false,"area":0,"tilt":0.76156150081916407,"input":{"headReason":"Neutral head","loomL":0,"head":[0,0,0,0],"age":0.080000000000000515,"loomPathway":"both","gate":false,"gateReason":"None","reason":"Direct neural experiment","turn":0,"loomR":0,"forward":0,"fresh":true},"visible":false,"command":[0,-0.086819514355290381],"fallen":false,"distance":0.0033977903012352511,"temporal":null,"pixels":0}],"loop":{"speed":0.00071797609208660066,"mappingActive":true,"perception":"No cue detected","neural":[0,-0.086819514355290381],"feedback":{"enabled":true,"phase":0.99993360437233147,"drive":0.0017931234854144658},"sampledAt":0.70000000000000051,"reason":"Forward neurons below walking threshold","command":[0,-0.086819514355290381],"mappingSummary":"Walk · Follow the turn","mapping":{"turn":"follow","forward":"walk"},"status":"Turning in place","pixels":0},"paused":false,"time":0.70000000000000051,"tick":35},{"collisions":0,"ducks":[{"id":"duck-1","speed":0.00055772851446612146,"position":[0.0023601088943273406,0.00042045213185784108,0.1164969961134909],"neural":{"yaw":0.021809739739425956,"spikes":5532,"forward":3.4451391570854235,"vx":0},"neighborVisible":false,"area":0,"tilt":0.80939221010201001,"input":{"headReason":"Neutral head","loomL":0,"head":[0,0,0,0],"age":0.039999999999986935,"loomPathway":"both","gate":false,"reason":"Direct neural experiment","gateReason":"None","turn":0,"fresh":true,"forward":0,"loomR":0},"visible":false,"command":[0,0.021809739739425956],"fallen":false,"distance":0.0037838123938719725,"temporal":null,"pixels":0}],"loop":{"speed":0.00055772851446612146,"mappingActive":true,"perception":"No cue detected","neural":[0,0.021809739739425956],"feedback":{"enabled":true,"phase":6.3527223662429577e-05,"drive":0.0005241794097300324},"sampledAt":1.6599999999999866,"reason":"Forward neurons below walking threshold","command":[0,0.021809739739425956],"mappingSummary":"Walk · Follow the turn","mapping":{"forward":"walk","turn":"follow"},"status":"Forward neurons below walking threshold","pixels":0},"paused":false,"time":1.6599999999999866,"tick":83},{"ducks":[{"speed":0.00055772851446612146,"id":"duck-1","position":[0.0023601088943273406,0.00042045213185784108,0.1164969961134909],"neural":{"yaw":0.021809739739425956,"spikes":5532,"forward":3.4451391570854235,"vx":0},"neighborVisible":false,"area":0,"tilt":0.80939221010201001,"input":{"headReason":"Neutral head","loomL":0,"head":[0,0,0,0],"age":0.039999999999986935,"loomPathway":"both","gate":false,"reason":"Direct neural experiment","gateReason":"None","turn":0,"fresh":true,"forward":0,"loomR":0},"visible":false,"command":[0,0.021809739739425956],"fallen":false,"distance":0.0037838123938719725,"temporal":null,"pixels":0}],"collisions":0,"loop":{"speed":0.00055772851446612146,"mappingActive":true,"perception":"No cue detected","neural":[0,0.021809739739425956],"feedback":{"enabled":true,"phase":6.3527223662429577e-05,"drive":0.0005241794097300324},"sampledAt":1.6599999999999866,"reason":"Forward neurons below walking threshold","command":[0,0.021809739739425956],"mappingSummary":"Walk · Follow the turn","mapping":{"forward":"walk","turn":"follow"},"status":"Forward neurons below walking threshold","pixels":0},"paused":false,"time":1.6599999999999866,"tick":83},{"tick":125,"collisions":0,"loop":{"speed":0.01347281621826585,"mappingActive":true,"perception":"No cue detected","neural":[0,0.010219650949836442],"feedback":{"enabled":true,"drive":0.11337795467528333,"phase":0.96190531889833431},"sampledAt":2.4999999999999689,"reason":"Forward neurons below walking threshold","command":[0,0.010219650949836442],"mapping":{"forward":"walk","turn":"follow"},"mappingSummary":"Walk · Follow the turn","pixels":0,"status":"Forward neurons below walking threshold"},"paused":false,"ducks":[{"id":"duck-1","speed":0.01347281621826585,"position":[0.0043557159414816969,0.00057745447116584476,0.11540988497747066],"neural":{"yaw":0.010219650949836442,"spikes":8490,"forward":2.634905867043114,"vx":0},"neighborVisible":false,"area":0,"tilt":1.3273643204734906,"input":{"headReason":"Neutral head","loomL":0,"age":0.079999999999969429,"head":[0,0,0,0],"loomPathway":"both","gate":false,"gateReason":"None","turn":0,"reason":"Direct neural experiment","loomR":0,"forward":0,"fresh":true},"visible":false,"command":[0,0.010219650949836442],"fallen":false,"temporal":null,"distance":0.024025598595381344,"pixels":0}],"time":2.4999999999999689},{"tick":125,"time":2.4999999999999689,"loop":{"speed":0.01347281621826585,"mappingActive":true,"perception":"No cue detected","neural":[0,0.010219650949836442],"feedback":{"enabled":true,"drive":0.11337795467528333,"phase":0.96190531889833431},"sampledAt":2.4999999999999689,"reason":"Forward neurons below walking threshold","command":[0,0.010219650949836442],"mapping":{"forward":"walk","turn":"follow"},"mappingSummary":"Walk · Follow the turn","pixels":0,"status":"Forward neurons below walking threshold"},"paused":false,"ducks":[{"id":"duck-1","speed":0.01347281621826585,"position":[0.0043557159414816969,0.00057745447116584476,0.11540988497747066],"neural":{"yaw":0.010219650949836442,"spikes":8490,"forward":2.634905867043114,"vx":0},"neighborVisible":false,"area":0,"tilt":1.3273643204734906,"input":{"headReason":"Neutral head","loomL":0,"age":0.079999999999969429,"head":[0,0,0,0],"loomPathway":"both","gate":false,"gateReason":"None","turn":0,"reason":"Direct neural experiment","loomR":0,"forward":0,"fresh":true},"visible":false,"command":[0,0.010219650949836442],"fallen":false,"temporal":null,"distance":0.024025598595381344,"pixels":0}],"collisions":0},{"collisions":0,"ducks":[{"speed":0.0015857300858841139,"id":"duck-1","position":[0.0033439243209083917,0.00072478435189000468,0.11546645311522506],"neural":{"yaw":0.0059429357416181808,"spikes":11630,"forward":1.520355016325053,"vx":0},"neighborVisible":false,"area":0,"tilt":0.78956703257761274,"input":{"headReason":"Neutral head","loomL":0,"age":0.079999999999949889,"head":[0,0,0,0],"loomPathway":"both","gate":false,"reason":"Direct neural experiment","loomR":0,"turn":0,"fresh":true,"forward":0,"gateReason":"None"},"visible":false,"command":[0,0.0059429357416181808],"fallen":false,"temporal":null,"distance":0.037822629912921638,"pixels":0}],"loop":{"speed":0.0015857300858841139,"mappingActive":true,"perception":"No cue detected","neural":[0,0.0059429357416181808],"feedback":{"enabled":true,"drive":0.0086476629887495774,"phase":1.7527723887189595e-05},"sampledAt":3.3999999999999497,"reason":"Forward neurons below walking threshold","mapping":{"forward":"walk","turn":"follow"},"mappingSummary":"Walk · Follow the turn","command":[0,0.0059429357416181808],"status":"Forward neurons below walking threshold","pixels":0},"paused":false,"time":3.3999999999999497,"tick":170},{"tick":217,"collisions":0,"loop":{"speed":0.027060612826201407,"mappingActive":true,"perception":"No cue detected","neural":[0.29999999999999999,-0.052410894455461286],"feedback":{"phase":0.0446789100822782,"enabled":true,"drive":0.033100015953053522},"sampledAt":4.3399999999999297,"reason":"Fly circuit drives walking","mapping":{"forward":"walk","turn":"follow"},"mappingSummary":"Walk · Follow the turn","command":[0.29999999999999999,-0.052410894455461286],"status":"Walking · body responding","pixels":0},"paused":false,"time":4.3399999999999297,"ducks":[{"id":"duck-1","speed":0.027060612826201407,"position":[0.0042993463030856468,0.00089442953025788542,0.11540900971145863],"neural":{"yaw":-0.052410894455461286,"spikes":14873,"forward":6.1373347692048537,"vx":0.29999999999999999},"neighborVisible":false,"area":0,"tilt":0.79204143408901329,"input":{"headReason":"Neutral head","loomL":0,"age":0.019999999999930296,"head":[0,0,0,0],"loomPathway":"both","gate":false,"gateReason":"None","loomR":0,"turn":0,"fresh":true,"forward":0,"reason":"Direct neural experiment"},"visible":false,"command":[0.29999999999999999,-0.052410894455461286],"fallen":false,"distance":0.049786744520431025,"temporal":null,"pixels":0}]},{"ducks":[{"id":"duck-1","speed":0.027060612826201407,"position":[0.0042993463030856468,0.00089442953025788542,0.11540900971145863],"neural":{"yaw":-0.052410894455461286,"spikes":14873,"forward":6.1373347692048537,"vx":0.29999999999999999},"neighborVisible":false,"area":0,"tilt":0.79204143408901329,"input":{"headReason":"Neutral head","loomL":0,"age":0.019999999999930296,"head":[0,0,0,0],"loomPathway":"both","gate":false,"gateReason":"None","loomR":0,"turn":0,"fresh":true,"forward":0,"reason":"Direct neural experiment"},"visible":false,"command":[0.29999999999999999,-0.052410894455461286],"fallen":false,"temporal":null,"distance":0.049786744520431025,"pixels":0}],"collisions":0,"loop":{"speed":0.027060612826201407,"mappingActive":true,"perception":"No cue detected","neural":[0.29999999999999999,-0.052410894455461286],"feedback":{"phase":0.0446789100822782,"enabled":true,"drive":0.033100015953053522},"sampledAt":4.3399999999999297,"reason":"Fly circuit drives walking","mapping":{"forward":"walk","turn":"follow"},"mappingSummary":"Walk · Follow the turn","command":[0.29999999999999999,-0.052410894455461286],"status":"Walking · body responding","pixels":0},"paused":false,"time":4.3399999999999297,"tick":217},{"collisions":0,"tick":265,"loop":{"speed":0.043333706616885688,"mappingActive":true,"perception":"No cue detected","neural":[0,0.16982021978133977],"feedback":{"phase":0.99231350289276887,"drive":0.1975204087460089,"enabled":true},"sampledAt":5.2999999999999092,"reason":"Forward neurons below walking threshold","command":[0,0.16982021978133977],"mappingSummary":"Walk · Follow the turn","mapping":{"forward":"walk","turn":"follow"},"status":"Turning in place","pixels":0},"paused":false,"time":5.2999999999999092,"ducks":[{"id":"duck-1","speed":0.043333706616885688,"position":[0.038528582853191586,0.0013527492065891116,0.11620102884151404],"neural":{"yaw":0.16982021978133977,"spikes":18552,"forward":1.5469178879156646,"vx":0},"neighborVisible":false,"area":0,"tilt":2.0164477297426018,"input":{"headReason":"Neutral head","loomL":0,"head":[0,0,0,0],"age":0.079999999999909477,"loomPathway":"both","gate":false,"gateReason":"None","loomR":0,"turn":0,"reason":"Direct neural experiment","fresh":true,"forward":0},"visible":false,"command":[0,0.16982021978133977],"fallen":false,"temporal":null,"distance":0.1167733267047759,"pixels":0}]},{"ducks":[{"id":"duck-1","speed":0.043333706616885688,"position":[0.038528582853191586,0.0013527492065891116,0.11620102884151404],"neural":{"yaw":0.16982021978133977,"spikes":18552,"forward":1.5469178879156646,"vx":0},"neighborVisible":false,"area":0,"tilt":2.0164477297426018,"input":{"headReason":"Neutral head","loomL":0,"head":[0,0,0,0],"age":0.079999999999909477,"loomPathway":"both","gate":false,"gateReason":"None","loomR":0,"turn":0,"reason":"Direct neural experiment","fresh":true,"forward":0},"visible":false,"command":[0,0.16982021978133977],"fallen":false,"temporal":null,"distance":0.1167733267047759,"pixels":0}],"collisions":0,"loop":{"speed":0.043333706616885688,"mappingActive":true,"perception":"No cue detected","neural":[0,0.16982021978133977],"feedback":{"phase":0.99231350289276887,"drive":0.1975204087460089,"enabled":true},"sampledAt":5.2999999999999092,"reason":"Forward neurons below walking threshold","command":[0,0.16982021978133977],"mappingSummary":"Walk · Follow the turn","mapping":{"forward":"walk","turn":"follow"},"status":"Turning in place","pixels":0},"paused":false,"time":5.2999999999999092,"tick":265}],"openEnded":{"collisions":0,"tick":305,"loop":{"speed":0.0092761516748145825,"mappingActive":true,"perception":"No cue detected","neural":[0,-0.067809976972419181],"feedback":{"phase":0.99691333084307709,"enabled":true,"drive":0.028622157823605929},"sampledAt":6.0999999999998922,"reason":"Forward neurons below walking threshold","command":[0,-0.067809976972419181],"mappingSummary":"Walk · Follow the turn","mapping":{"turn":"follow","forward":"walk"},"status":"Forward neurons below walking threshold","pixels":0},"paused":false,"time":6.0999999999998922,"ducks":[{"id":"duck-1","speed":0.0092761516748145825,"position":[0.036754288720326364,0.0017172649580710385,0.11574919562146989],"neural":{"yaw":-0.067809976972419181,"spikes":21368,"forward":2.2314809010872798,"vx":0},"neighborVisible":false,"area":0,"tilt":0.89503706265096261,"input":{"headReason":"Neutral head","loomL":0,"age":0.079999999999892601,"head":[0,0,0,0],"loomPathway":"both","gate":false,"reason":"Direct neural experiment","turn":0,"loomR":0,"fresh":true,"forward":0,"gateReason":"None"},"visible":false,"command":[0,-0.067809976972419181],"fallen":false,"temporal":null,"distance":0.13396317484784062,"pixels":0}]},"title":"Your own playground","final":{"collisions":0,"ducks":[{"id":"duck-1","speed":0.043333706616885688,"position":[0.038528582853191586,0.0013527492065891116,0.11620102884151404],"neural":{"yaw":0.16982021978133977,"spikes":18552,"forward":1.5469178879156646,"vx":0},"neighborVisible":false,"area":0,"tilt":2.0164477297426018,"input":{"headReason":"Neutral head","loomL":0,"age":0.079999999999909477,"head":[0,0,0,0],"loomPathway":"both","gate":false,"reason":"Direct neural experiment","loomR":0,"gateReason":"None","fresh":true,"forward":0,"turn":0},"visible":false,"command":[0,0.16982021978133977],"fallen":false,"distance":0.1167733267047759,"temporal":null,"pixels":0}],"loop":{"speed":0.043333706616885688,"mappingActive":true,"perception":"No cue detected","neural":[0,0.16982021978133977],"feedback":{"enabled":true,"drive":0.1975204087460089,"phase":0.99231350289276887},"sampledAt":5.2999999999999092,"reason":"Forward neurons below walking threshold","command":[0,0.16982021978133977],"mappingSummary":"Walk · Follow the turn","mapping":{"forward":"walk","turn":"follow"},"pixels":0,"status":"Paused · Run or Step to advance"},"paused":true,"time":5.2999999999999092,"tick":265}}],"interactions":[{"before":[0.90000000000000002,0,0.13],"action":"select and move prop","id":"target","preservedTick":1641,"connectedDuck":"duck-1","after":[0.90000000000000002,0.12,0.13],"prop":"target-1"},{"action":"select and move prop","before":[1.3999999999999999,0.6058109968854114,0.19],"id":"stop-go","preservedTick":331,"connectedDuck":"duck-1","after":[1.3999999999999999,0.7258109968854114,0.19],"prop":"bg-a"},{"before":[0.75,0.34999999999999998,0.13],"action":"select and move prop","id":"gaze","preservedTick":318,"connectedDuck":"duck-1","after":[0.75,0.46999999999999997,0.13],"prop":"target-1"},{"before":[0.84999999999999998,0.25,0.13],"action":"select and move prop","id":"switchboard","preservedTick":342,"connectedDuck":"duck-1","after":[0.84999999999999998,0.37,0.13],"prop":"target-1"},{"action":"select and move prop","before":[1.2,0,0.13],"id":"recovery","preservedTick":315,"connectedDuck":"duck-1","after":[1.2,0.12,0.13],"prop":"target-1"},{"action":"select and move prop","before":[0.69999999999999996,0,0.14000000000000001],"id":"kick","preservedTick":341,"connectedDuck":"duck-1","after":[0.69999999999999996,0.12,0.14000000000000001],"customPhysics":{"mass":0.025000000000000001,"displayed":"Current physics: 25 g · friction 0.6. These custom values are kept. Choose a preset to replace them, then apply it to restart the scene.","friction":0.59999999999999998},"prop":"target-1"},{"action":"select and move prop","before":[0.90000000000000002,0,0.13],"id":"occlusion","preservedTick":318,"connectedDuck":"duck-1","after":[0.90000000000000002,0.12,0.13],"prop":"target-1"},{"action":"select and move prop","before":[0.90000000000000002,0,0.13],"id":"flock","preservedTick":331,"connectedDuck":"duck-1","after":[0.90000000000000002,0.12,0.13],"prop":"target-1"},{"action":"select and move prop","before":[0.90000000000000002,0,0.13],"id":"loom","preservedTick":343,"connectedDuck":"duck-1","after":[0.90000000000000002,0.12,0.13],"prop":"target-1"},{"action":"select and move prop","before":[0.90000000000000002,0,0.13],"id":"vision","preservedTick":313,"connectedDuck":"duck-1","after":[0.90000000000000002,0.12,0.13],"prop":"target-1"},{"action":"walk pulse reaches live brain","id":"empty","forward":70.900743105507587,"tick":321}],"recoveredBeacon":{"tick":321,"ducks":[{"speed":0.13990718858064122,"id":"duck-1","position":[0.28458713213933512,-0.014298343412085628,0.11924562826540272],"neural":{"yaw":0.31416378904050901,"spikes":24948,"forward":105.33253973370691,"vx":0.29999999999999999},"neighborVisible":false,"area":0.012369791666666666,"tilt":2.5611669638927297,"input":{"headReason":"Neutral head","loomL":0,"age":0,"head":[0,0,0,0],"loomPathway":"both","gate":false,"gateReason":"None","loomR":0,"turn":0.02278670360110803,"reason":"Target visible through camera","fresh":true,"forward":0.12},"visible":true,"command":[0.29999999999999999,0.31416378904050901],"fallen":false,"distance":0.40679527041603558,"temporal":null,"pixels":76}],"loop":{"speed":0.13990718858064122,"mappingActive":true,"perception":"Beacon visible","neural":[0.29999999999999999,0.31416378904050901],"feedback":{"enabled":true,"drive":0.77251068222321051,"phase":0.037398979086222139},"sampledAt":6.4199999999998854,"reason":"Fly circuit drives walking","mapping":{"forward":"walk","turn":"follow"},"command":[0.29999999999999999,0.31416378904050901],"mappingSummary":"Walk · Follow the turn","status":"Paused · Run or Step to advance","pixels":76},"paused":true,"time":6.4199999999998854,"collisions":0},"heavy":{"id":"target-1","yaw":0,"position":[0.90000000000000002,0.39196322455944388,0.034783559537247224],"motion":[0,0,0],"movable":true,"behavior":null,"size":[0.070000000000000007,0.070000000000000007,0.070000000000000007],"color":"#ee4581","mass":1,"friction":0.80000000000000004,"kind":"target","name":"target"},"patrol":{"prop":{"id":"target-1","position":[0.90000000000000002,0.39196322455944388,0.13],"quaternion":[1,0,0,0]},"time":3.1599999999999548,"definition":{"id":"target-1","yaw":0,"position":[0.90000000000000002,0,0.13],"motion":[0,0,0],"movable":false,"behavior":{"axis":"y","range":0.40000000000000002,"kind":"patrol","speed":0.20000000000000001,"startedAt":0.42000000000000026},"color":"#ee4581","size":[0.070000000000000007,0.070000000000000007,0.070000000000000007],"mass":0.080000000000000002,"friction":0.80000000000000004,"kind":"target","name":"target"}},"format":"duckfly-catalog-audit","controls":[{"disconnected":{"collisions":0,"time":32.719999999998286,"loop":{"speed":0.00089331731232115453,"mappingActive":true,"perception":"No cue detected","neural":[0,-0.14939200469167035],"feedback":{"drive":0,"phase":0,"enabled":false},"sampledAt":32.719999999998286,"reason":"Body command connection off","command":[0,0],"mapping":{"forward":"walk","turn":"follow"},"mappingSummary":"Walk · Follow the turn","status":"Paused · Run or Step to advance","pixels":0},"paused":true,"ducks":[{"id":"duck-1","speed":0.00089331731232115453,"position":[0.78047590009554346,-0.0072919769205694873,0.11636469271060798],"neural":{"yaw":-0.14939200469167035,"spikes":120547,"forward":0.50547739332563102,"vx":0},"neighborVisible":false,"area":0,"tilt":0.34548425510700481,"input":{"headReason":"Neutral head","loomL":0,"head":[0,0,0,0],"age":0,"loomPathway":"both","gate":true,"gateReason":"Target absent","turn":0,"loomR":0,"fresh":true,"forward":0,"reason":"Target absent from camera"},"visible":false,"command":[0,0],"fallen":false,"distance":1.1828818833645185,"temporal":null,"pixels":0}],"tick":1636},"id":"target","reconnected":{"tick":1641,"time":32.819999999998338,"loop":{"speed":0.00071494706766961585,"mappingActive":true,"perception":"No cue detected","neural":[0,-0.22667977527760108],"feedback":{"enabled":true,"drive":0.0041838022333786197,"phase":7.6912197528145043e-05},"sampledAt":32.819999999998338,"reason":"Target absent","command":[0,-0.11333988763880054],"mapping":{"forward":"walk","turn":"follow"},"mappingSummary":"Walk · Follow the turn","pixels":0,"status":"Paused · Run or Step to advance"},"paused":true,"ducks":[{"id":"duck-1","speed":0.00071494706766961585,"position":[0.78047744120196183,-0.0072913351519641725,0.11636525708422663],"neural":{"yaw":-0.22667977527760108,"spikes":120892,"forward":0.21891386654296732,"vx":0},"neighborVisible":false,"area":0,"tilt":0.34942635047551301,"input":{"headReason":"Neutral head","loomL":0,"head":[0,0,0,0],"age":0,"loomPathway":"both","gate":true,"reason":"Target absent from camera","turn":0,"loomR":0,"fresh":true,"forward":0,"gateReason":"Target absent"},"visible":false,"command":[0,-0.11333988763880054],"fallen":false,"temporal":null,"distance":1.1829064079176983,"pixels":0}],"collisions":0},"actions":["beacon-ahead","beacon-left","beacon-right","skill-kick","skill-recover"]},{"disconnected":{"time":6.5199999999998832,"tick":326,"loop":{"speed":0.076734028813286725,"mappingActive":true,"perception":"Stereo sequence active","neural":[0.29999999999999999,-0.23910096967325076],"feedback":{"enabled":false,"drive":0,"phase":0},"sampledAt":6.5199999999998832,"reason":"Body command connection off","command":[0,0],"mappingSummary":"Walk · Follow the turn","mapping":{"forward":"walk","turn":"follow"},"status":"Paused · Run or Step to advance","pixels":0},"paused":true,"ducks":[{"speed":0.076734028813286725,"id":"duck-1","position":[0.14173876970153518,0.001771986048557895,0.11869127360541729],"neural":{"yaw":-0.23910096967325076,"spikes":41920,"forward":114.9494856993702,"vx":0.29999999999999999},"neighborVisible":false,"area":0,"tilt":2.9584336107324072,"input":{"headReason":"Matched study head motion","loomL":0,"head":[-0.01121161398651226,0,-0.03294975395309041,0],"age":0.019999999999883222,"loomPathway":"both","gate":false,"gateReason":"None","turn":0,"reason":"Experimental tonic walking drive","fresh":true,"forward":0.12,"loomR":0},"visible":false,"command":[0,0],"fallen":false,"distance":0.21633756850211758,"temporal":{"fresh":true,"gfEvents":1,"held":false},"pixels":0}],"collisions":0},"id":"stop-go","reconnected":{"tick":331,"time":6.6199999999998811,"loop":{"speed":0.15877687610319116,"mappingActive":true,"perception":"Stereo sequence active","neural":[0.29999999999999999,0.17064925789597446],"feedback":{"drive":0.55327272237586289,"enabled":true,"phase":0.97394691664458255},"sampledAt":6.6199999999998811,"reason":"Fly circuit drives walking","mapping":{"turn":"follow","forward":"walk"},"mappingSummary":"Walk · Follow the turn","command":[0.14999999999999999,0.08532462894798723],"pixels":0,"status":"Paused · Run or Step to advance"},"paused":true,"ducks":[{"id":"duck-1","speed":0.15877687610319116,"position":[0.14155655283308066,0.0059028438290840909,0.11838604121544438],"neural":{"yaw":0.17064925789597446,"spikes":42323,"forward":114.00820274442883,"vx":0.29999999999999999},"neighborVisible":false,"area":0,"tilt":4.0954340848718029,"input":{"headReason":"Matched study head motion","loomL":0,"age":0,"head":[-0.01790460453788989,0,-0.0048503781240278833,0],"loomPathway":"both","gate":false,"reason":"Experimental tonic walking drive","loomR":0,"gateReason":"None","turn":0,"forward":0.12,"fresh":true},"visible":false,"command":[0.14999999999999999,0.08532462894798723],"fallen":false,"temporal":{"gfEvents":1,"fresh":true,"held":false},"distance":0.22316434941635763,"pixels":0}],"collisions":0},"actions":["skill-kick","skill-recover"]},{"disconnected":{"time":6.2599999999998888,"collisions":0,"loop":{"speed":0.079905604146314646,"mappingActive":true,"perception":"Beacon visible","neural":[0.29999999999999999,0.65000000000000002],"feedback":{"phase":0,"drive":0,"enabled":false},"sampledAt":6.2599999999998888,"reason":"Body command connection off","mapping":{"turn":"follow","forward":"walk"},"command":[0,0],"mappingSummary":"Walk · Follow the turn","status":"Paused · Run or Step to advance","pixels":5},"paused":true,"ducks":[{"id":"duck-1","speed":0.079905604146314646,"position":[0.63376097148994992,0.2852183635028846,0.12069330671096072],"neural":{"yaw":0.65000000000000002,"spikes":28901,"forward":115.4304688496499,"vx":0.29999999999999999},"neighborVisible":false,"area":0.00081380208333333337,"tilt":3.3375950660026512,"input":{"headReason":"Marker tracking","loomL":0,"head":[0,0,0.034736842105263163,0],"age":0.039999999999889013,"loomPathway":"both","gate":false,"reason":"Target visible through camera","turn":0.020842105263157898,"loomR":0,"fresh":true,"gateReason":"None","forward":0.12},"visible":true,"command":[0,0],"fallen":false,"distance":1.0076072243434184,"temporal":null,"pixels":5}],"tick":313},"id":"gaze","reconnected":{"collisions":0,"ducks":[{"id":"duck-1","speed":0.018646602245684072,"position":[0.63193493197700834,0.29358286450918109,0.11711488591041999],"neural":{"yaw":0.48553580160132231,"spikes":29334,"forward":113.54492158127333,"vx":0.29999999999999999},"neighborVisible":false,"area":0.00634765625,"tilt":2.2069982170084428,"input":{"headReason":"Marker tracking","loomL":0,"head":[0,0,0.0031578947368421152,0],"age":0.039999999999887237,"loomPathway":"both","gate":false,"gateReason":"None","turn":0.0018947368421052689,"loomR":0,"fresh":true,"forward":0.12,"reason":"Target visible through camera"},"visible":true,"command":[0.14999999999999999,0.24276790080066116],"fallen":false,"temporal":null,"distance":1.0164920615881421,"pixels":39}],"loop":{"speed":0.018646602245684072,"mappingActive":true,"perception":"Beacon visible","neural":[0.29999999999999999,0.48553580160132231],"feedback":{"phase":0.033474097024773775,"drive":0.21322698996238448,"enabled":true},"sampledAt":6.3599999999998866,"reason":"Fly circuit drives walking","command":[0.14999999999999999,0.24276790080066116],"mappingSummary":"Walk · Follow the turn","mapping":{"forward":"walk","turn":"follow"},"status":"Paused · Run or Step to advance","pixels":39},"paused":true,"time":6.3599999999998866,"tick":318},"actions":["beacon-left","beacon-right","hide","reveal","look","skill-kick","skill-recover"]},{"disconnected":{"ducks":[{"id":"duck-1","speed":0.15398443409812324,"position":[0.73632845510606548,0.18104544563960784,0.11584370813770604],"neural":{"yaw":-0.23650358392986001,"spikes":34606,"forward":45.927660353905701,"vx":0.29999999999999999},"neighborVisible":false,"area":0.0009765625,"tilt":0.83696646853628398,"input":{"headReason":"Neutral head","loomL":0,"head":[0,0,0,0],"age":0.019999999999878781,"loomPathway":"both","gate":false,"reason":"Target visible through camera","loomR":0,"turn":0.045473684210526319,"gateReason":"None","forward":0.12,"fresh":true},"visible":true,"command":[0,0],"fallen":false,"distance":1.0946494980775308,"temporal":null,"pixels":6}],"collisions":0,"loop":{"speed":0.15398443409812324,"mappingActive":true,"perception":"Beacon visible","neural":[0.29999999999999999,-0.23650358392986001],"feedback":{"phase":0,"drive":0,"enabled":false},"sampledAt":6.7399999999998785,"reason":"Body command connection off","mapping":{"forward":"walk","turn":"follow"},"mappingSummary":"Walk · Follow the turn","command":[0,0],"pixels":6,"status":"Paused · Run or Step to advance"},"paused":true,"time":6.7399999999998785,"tick":337},"id":"switchboard","reconnected":{"time":6.8399999999998764,"tick":342,"loop":{"speed":0.12737738107963914,"mappingActive":true,"perception":"Beacon visible","neural":[0.29999999999999999,0.17303828799114204],"feedback":{"enabled":true,"drive":0.39528943309397629,"phase":0.066191740807876487},"sampledAt":6.8399999999998764,"reason":"Fly circuit drives walking","mapping":{"turn":"follow","forward":"walk"},"mappingSummary":"Walk · Follow the turn","command":[0.14999999999999999,0.086519143995571021],"pixels":34,"status":"Paused · Run or Step to advance"},"paused":true,"ducks":[{"speed":0.12737738107963914,"id":"duck-1","position":[0.7374284719698373,0.18228579018693328,0.11753645670684806],"neural":{"yaw":0.17303828799114204,"spikes":35087,"forward":88.26197857098461,"vx":0.29999999999999999},"neighborVisible":false,"area":0.005533854166666667,"tilt":1.5018080385105774,"input":{"headReason":"Neutral head","loomL":0,"head":[0,0,0,0],"age":0.019999999999877005,"loomPathway":"both","gate":false,"gateReason":"None","loomR":0,"reason":"Target visible through camera","fresh":true,"forward":0.12,"turn":0.025857585139318868},"visible":true,"command":[0.14999999999999999,0.086519143995571021],"fallen":false,"distance":1.1020699451361615,"temporal":null,"pixels":34}],"collisions":0},"actions":["beacon-ahead","connect","forward","left","right","output","skill-kick","skill-recover"]},{"disconnected":{"time":6.19999999999989,"collisions":0,"loop":{"speed":0.15065191362713756,"mappingActive":true,"perception":"Beacon visible","neural":[0.29999999999999999,-0.65000000000000002],"feedback":{"phase":0,"enabled":false,"drive":0},"sampledAt":6.19999999999989,"reason":"Body command connection off","mapping":{"turn":"follow","forward":"walk"},"mappingSummary":"Walk · Follow the turn","command":[0,0],"status":"Paused · Run or Step to advance","pixels":106},"paused":true,"ducks":[{"id":"duck-1","speed":0.15065191362713756,"position":[0.69833128729810889,0.02755205233848592,0.11827677484202706],"neural":{"yaw":-0.65000000000000002,"spikes":29336,"forward":110.70422598619366,"vx":0.29999999999999999},"neighborVisible":false,"area":0.017252604166666668,"tilt":1.7330262267941068,"input":{"headReason":"Neutral head","loomL":0,"age":0.079999999999889937,"head":[0,0,0,0],"loomPathway":"both","gate":false,"gateReason":"None","loomR":0,"turn":-0.027205561072492553,"reason":"Target visible through camera","forward":0.12,"fresh":true},"visible":true,"command":[0,0],"fallen":false,"distance":0.9961768311063085,"temporal":null,"pixels":106}],"tick":310},"id":"recovery","reconnected":{"ducks":[{"speed":0.096680555420363024,"id":"duck-1","position":[0.69595500747882055,0.02350691167443349,0.11737041108672797],"neural":{"yaw":-0.27995005352538616,"spikes":29787,"forward":116.110961445934,"vx":0.29999999999999999},"neighborVisible":false,"area":0.017252604166666668,"tilt":2.0626042366831561,"input":{"headReason":"Neutral head","loomL":0,"age":0.079999999999888161,"head":[0,0,0,0],"loomPathway":"both","gate":false,"reason":"Target visible through camera","turn":-0.010975173783515375,"gateReason":"None","fresh":true,"loomR":0,"forward":0.12},"visible":true,"command":[0.14999999999999999,-0.13997502676269308],"fallen":false,"distance":1.0046668866776503,"temporal":null,"pixels":106}],"tick":315,"loop":{"speed":0.096680555420363024,"mappingActive":true,"perception":"Beacon visible","neural":[0.29999999999999999,-0.27995005352538616],"feedback":{"phase":0.0028778370056881108,"enabled":true,"drive":0.27932882561275107},"sampledAt":6.2999999999998879,"reason":"Fly circuit drives walking","mapping":{"turn":"follow","forward":"walk"},"mappingSummary":"Walk · Follow the turn","command":[0.14999999999999999,-0.13997502676269308],"pixels":106,"status":"Paused · Run or Step to advance"},"paused":true,"time":6.2999999999998879,"collisions":0},"actions":["beacon-ahead","push","feedback","skill-kick","skill-recover"]},{"disconnected":{"time":6.719999999999879,"tick":336,"loop":{"speed":0.00048491444502383286,"mappingActive":true,"perception":"Beacon visible","neural":[0.29999999999999999,0.65000000000000002],"feedback":{"phase":0,"drive":0,"enabled":false},"sampledAt":6.719999999999879,"reason":"Body command connection off","mapping":{"forward":"kick","turn":"follow"},"mappingSummary":"Kick on sight · Follow the turn","command":[0,0],"status":"Paused · Run or Step to advance","pixels":40},"paused":true,"ducks":[{"id":"duck-1","speed":0.00048491444502383286,"position":[0.026475740390263201,0.017320059921402689,0.11648321889887696],"neural":{"yaw":0.65000000000000002,"spikes":27588,"forward":108.29929892012728,"vx":0.29999999999999999},"neighborVisible":false,"area":0.006510416666666667,"tilt":0.80235060054974161,"input":{"headReason":"Neutral head","loomL":0,"head":[0,0,0,0],"age":0,"loomPathway":"both","gate":false,"gateReason":"None","turn":0.081094736842105261,"loomR":0,"fresh":true,"forward":0.12,"reason":"Target visible through camera"},"visible":true,"command":[0,0],"fallen":false,"temporal":null,"distance":0.065491455869885057,"pixels":40}],"collisions":1},"id":"kick","reconnected":{"ducks":[{"speed":0.00032404916793454531,"id":"duck-1","position":[0.026476281404477657,0.017320385594094698,0.11648299633017666],"neural":{"yaw":0.65000000000000002,"spikes":27994,"forward":108.7893512982275,"vx":0.29999999999999999},"neighborVisible":false,"area":0.006673177083333333,"tilt":0.80186269311589775,"input":{"headReason":"Neutral head","loomL":0,"age":0,"head":[0,0,0,0],"loomPathway":"both","gate":false,"reason":"Target visible through camera","loomR":0,"gateReason":"None","fresh":true,"forward":0.12,"turn":0.080734274711168161},"visible":true,"command":[0,0],"fallen":false,"temporal":null,"distance":0.065501072696512397,"pixels":41}],"collisions":1,"loop":{"speed":0.00032404916793454531,"mappingActive":true,"perception":"Beacon visible","neural":[0.29999999999999999,0.65000000000000002],"feedback":{"phase":0.49938486611218469,"drive":0.00081495770621350342,"enabled":true},"sampledAt":6.8199999999998768,"reason":"Hide and reveal the cue to kick again","command":[0,0],"mappingSummary":"Kick on sight · Follow the turn","mapping":{"turn":"follow","forward":"kick"},"status":"Paused · Run or Step to advance","pixels":41},"paused":true,"time":6.8199999999998768,"tick":341},"actions":["skill-kick","skill-recover","beacon-away","beacon-ahead","place-ball","visual-kick"]},{"disconnected":{"collisions":0,"time":6.2599999999998888,"loop":{"speed":0.0026506487572671923,"mappingActive":true,"perception":"No cue detected","neural":[0,-0.039640300258656315],"feedback":{"enabled":false,"phase":0,"drive":0},"sampledAt":6.2599999999998888,"reason":"Body command connection off","mapping":{"forward":"walk","turn":"follow"},"mappingSummary":"Walk · Follow the turn","command":[0,0],"pixels":0,"status":"Paused · Run or Step to advance"},"paused":true,"ducks":[{"speed":0.0026506487572671923,"id":"duck-1","position":[0.0027236422279943123,0.00059583708584197035,0.11627541564601014],"neural":{"yaw":-0.039640300258656315,"spikes":21020,"forward":3.9986479048178118,"vx":0},"neighborVisible":false,"area":0,"tilt":0.63673657175882403,"input":{"headReason":"Neutral head","loomL":0,"age":0.039999999999889013,"head":[0,0,0,0],"loomPathway":"both","gate":true,"reason":"Target absent from camera","turn":0,"loomR":0,"fresh":true,"forward":0,"gateReason":"Target absent"},"visible":false,"command":[0,0],"fallen":false,"distance":0.0077341062597732135,"temporal":null,"pixels":0}],"tick":313},"id":"occlusion","reconnected":{"tick":318,"time":6.3599999999998866,"loop":{"speed":0.0028948820296433855,"mappingActive":true,"perception":"No cue detected","neural":[0,0.021749840118917074],"feedback":{"enabled":true,"drive":0.010933810249235572,"phase":0.99995965449616153},"sampledAt":6.3599999999998866,"reason":"Target absent","mapping":{"forward":"walk","turn":"follow"},"command":[0,0.010874920059458537],"mappingSummary":"Walk · Follow the turn","pixels":0,"status":"Paused · Run or Step to advance"},"paused":true,"ducks":[{"speed":0.0028948820296433855,"id":"duck-1","position":[0.0026170095154343632,0.00056341264630907484,0.11629610144061764],"neural":{"yaw":0.021749840118917074,"spikes":21361,"forward":1.73174801750964,"vx":0},"neighborVisible":false,"area":0,"tilt":0.61580280261353226,"input":{"headReason":"Neutral head","loomL":0,"age":0.039999999999887237,"head":[0,0,0,0],"loomPathway":"both","gate":true,"reason":"Target absent from camera","turn":0,"loomR":0,"fresh":true,"forward":0,"gateReason":"Target absent"},"visible":false,"command":[0,0.010874920059458537],"fallen":false,"temporal":null,"distance":0.0080743831102485786,"pixels":0}],"collisions":0},"actions":["beacon-ahead","beacon-left","beacon-right","hide","reveal","skill-kick","skill-recover"]},{"disconnected":{"time":6.5199999999998832,"collisions":0,"loop":{"speed":0.055842977038722305,"mappingActive":true,"perception":"Beacon visible","neural":[0.29999999999999999,-0.26289025379984415],"feedback":{"drive":0,"enabled":false,"phase":0},"sampledAt":6.5199999999998832,"reason":"Body command connection off","command":[0,0],"mappingSummary":"Walk · Follow the turn","mapping":{"forward":"walk","turn":"follow"},"pixels":227,"status":"Paused · Run or Step to advance"},"paused":true,"ducks":[{"speed":0.055842977038722305,"id":"duck-1","position":[0.71768177944714862,0.0027055686747417553,0.11995360216862132],"neural":{"yaw":-0.26289025379984415,"spikes":30367,"forward":109.89926649405079,"vx":0.29999999999999999},"neighborVisible":false,"area":0.036946614583333336,"tilt":4.0595085949510255,"input":{"headReason":"Neutral head","loomL":0,"head":[0,0,0,0],"age":0,"loomPathway":"both","gate":false,"reason":"Target visible through camera","turn":-0.013997681428240205,"gateReason":"None","fresh":true,"forward":0.12,"loomR":0},"visible":true,"command":[0,0],"fallen":false,"distance":1.0232418280231099,"temporal":null,"pixels":227},{"speed":0.19296184385519924,"id":"duck-2","position":[0.41619762169333269,-0.014841378754694724,0.11989639792967267],"neural":{"yaw":-0.19762652000092065,"spikes":28231,"forward":111.25102691242996,"vx":0.29999999999999999},"neighborVisible":true,"area":0.001953125,"tilt":3.6945386620552911,"input":{"headReason":"Neutral head","loomL":0,"age":0,"head":[0,0,0,0],"loomPathway":"both","gate":false,"gateReason":"None","turn":0.019920341394025612,"loomR":0,"fresh":true,"forward":0.12,"reason":"Target visible through camera"},"visible":true,"command":[0.29999999999999999,-0.19762652000092065],"fallen":false,"distance":1.0846981139226437,"temporal":null,"pixels":12},{"speed":0.12372258877310269,"id":"duck-3","position":[0.088936415543860475,-0.022164062483178239,0.11957402023656998],"neural":{"yaw":0.65000000000000002,"spikes":28764,"forward":107.32037744391106,"vx":0.29999999999999999},"neighborVisible":true,"area":0,"tilt":2.5752666956217856,"input":{"headReason":"Neutral head","loomL":0,"head":[0,0,0,0],"age":0,"loomPathway":"both","gate":false,"reason":"Target visible through camera","turn":0.038361556064073217,"gateReason":"None","fresh":true,"forward":0.12,"loomR":0},"visible":false,"command":[0.29999999999999999,0.65000000000000002],"fallen":false,"distance":1.0804543606228312,"temporal":null,"pixels":1}],"tick":326},"id":"flock","reconnected":{"collisions":0,"time":6.6199999999998811,"loop":{"speed":0.021665130548682982,"mappingActive":true,"perception":"Beacon visible","neural":[0.29999999999999999,-0.14745794020681516],"feedback":{"drive":0.20204410669226397,"enabled":true,"phase":0.022330468065080211},"sampledAt":6.6199999999998811,"reason":"Fly circuit drives walking","mapping":{"forward":"walk","turn":"follow"},"mappingSummary":"Walk · Follow the turn","command":[0.14999999999999999,-0.073728970103407579],"pixels":293,"status":"Paused · Run or Step to advance"},"paused":true,"ducks":[{"speed":0.021665130548682982,"id":"duck-1","position":[0.71948738950073232,-0.0040370340370938671,0.1169790695719807],"neural":{"yaw":-0.14745794020681516,"spikes":30784,"forward":106.53143874681739,"vx":0.29999999999999999},"neighborVisible":false,"area":0.047688802083333336,"tilt":1.5123259113320853,"input":{"headReason":"Neutral head","loomL":0,"age":0,"head":[0,0,0,0],"loomPathway":"both","gate":false,"reason":"Target visible through camera","gateReason":"None","loomR":0,"fresh":true,"forward":0.12,"turn":-0.006330878390515546},"visible":true,"command":[0.14999999999999999,-0.073728970103407579],"fallen":false,"temporal":null,"distance":1.0305345786394624,"pixels":293},{"id":"duck-2","speed":0.17308315135206051,"position":[0.42827160602176428,-0.031181059321328374,0.11722308756960673],"neural":{"yaw":0.31324119800453948,"spikes":28674,"forward":109.86259854671836,"vx":0.29999999999999999},"neighborVisible":true,"area":0.0026041666666666665,"tilt":1.8783650398632996,"input":{"headReason":"Neutral head","loomL":0,"head":[0,0,0,0],"age":0,"loomPathway":"both","gate":false,"reason":"Target visible through camera","loomR":0,"turn":0.052140350877192973,"fresh":true,"forward":0.12,"gateReason":"None"},"visible":true,"command":[0.29999999999999999,0.31324119800453948],"fallen":false,"distance":1.1050892243178017,"temporal":null,"pixels":16},{"speed":0.22164133557143439,"id":"duck-3","position":[0.10100455309994107,-0.012542565844678652,0.11732444151711828],"neural":{"yaw":0.65000000000000002,"spikes":29180,"forward":108.34458476635236,"vx":0.29999999999999999},"neighborVisible":true,"area":0,"tilt":2.3768521856310918,"input":{"headReason":"Neutral head","loomL":0,"age":0,"head":[0,0,0,0],"loomPathway":"both","gate":false,"reason":"Target visible through camera","loomR":0,"turn":-0.0089026676279740299,"fresh":true,"forward":0.12,"gateReason":"None"},"visible":false,"command":[0.29999999999999999,0.65000000000000002],"fallen":false,"distance":1.0965188331268185,"temporal":null,"pixels":1}],"tick":331},"actions":["beacon-ahead","beacon-left","beacon-right","next-duck","add-duck","skill-kick","skill-recover"]},{"disconnected":{"collisions":10,"ducks":[{"id":"duck-1","speed":0.13104616675807584,"position":[-0.49822955334600555,-0.099359194026310785,0.1154143564345089],"neural":{"yaw":0,"spikes":206969,"forward":1.7696203985750165,"vx":0},"neighborVisible":false,"area":0,"tilt":1.436676945136486,"input":{"headReason":"Neutral head","loomL":0,"head":[0,0,0,0],"age":0.039999999999878355,"loomPathway":"both","gate":true,"gateReason":"Target absent","turn":0,"reason":"Target absent from camera","fresh":true,"forward":0,"loomR":1},"visible":false,"command":[0,0],"fallen":false,"distance":0.62231074983921175,"temporal":null,"pixels":0}],"loop":{"speed":0.13104616675807584,"mappingActive":true,"perception":"No cue detected","neural":[0,0],"feedback":{"enabled":false,"drive":0,"phase":0},"sampledAt":6.7599999999998781,"reason":"Body command connection off","command":[0,0],"mappingSummary":"Walk · Follow the turn","mapping":{"forward":"walk","turn":"follow"},"status":"Paused · Run or Step to advance","pixels":0},"paused":true,"time":6.7599999999998781,"tick":338},"id":"loom","reconnected":{"tick":343,"ducks":[{"speed":0.18930273447516996,"id":"duck-1","position":[-0.51642300745688885,-0.10472373557337897,0.11552974171675469],"neural":{"yaw":0,"spikes":213425,"forward":0.76639321338709676,"vx":0},"neighborVisible":false,"area":0,"tilt":1.0575842143950078,"input":{"headReason":"Neutral head","loomL":1,"age":0.039999999999876579,"head":[0,0,0,0],"loomPathway":"both","gate":true,"gateReason":"Target absent","loomR":0,"turn":0,"fresh":true,"forward":0,"reason":"Target absent from camera"},"visible":false,"command":[0,0],"fallen":false,"temporal":null,"distance":0.64141682129066857,"pixels":0}],"loop":{"speed":0.18930273447516996,"mappingActive":true,"perception":"No cue detected","neural":[0,0],"feedback":{"enabled":true,"drive":1,"phase":0.94353980472124532},"sampledAt":6.859999999999876,"reason":"Target absent","command":[0,0],"mapping":{"forward":"walk","turn":"follow"},"mappingSummary":"Walk · Follow the turn","status":"Paused · Run or Step to advance","pixels":0},"paused":true,"time":6.859999999999876,"collisions":11},"actions":["beacon-ahead","beacon-left","beacon-right","threat-in","threat-out","threat-still","skill-kick","skill-recover"]},{"disconnected":{"tick":308,"ducks":[{"speed":0.11800819728288404,"id":"duck-1","position":[0.72026483097532013,0.0053419713692328605,0.11699910364252329],"neural":{"yaw":-0.55782053923173924,"spikes":34020,"forward":108.40342523899177,"vx":0.29999999999999999},"neighborVisible":false,"area":0.054361979166666664,"tilt":2.1124809422778359,"input":{"headReason":"Neutral head","loomL":0.0078673293700508018,"age":0.019999999999891216,"head":[0,0,0,0],"loomPathway":"lplc2","gate":false,"gateReason":"None","turn":-0.031251223506202672,"loomR":0,"fresh":true,"forward":0.12,"reason":"Target visible through camera"},"visible":true,"command":[0,0],"fallen":false,"temporal":null,"distance":1.0020951775056275,"pixels":334}],"loop":{"speed":0.11800819728288404,"mappingActive":true,"perception":"Beacon visible","neural":[0.29999999999999999,-0.55782053923173924],"feedback":{"phase":0,"drive":0,"enabled":false},"sampledAt":6.1599999999998909,"reason":"Body command connection off","mapping":{"forward":"walk","turn":"follow"},"mappingSummary":"Walk · Follow the turn","command":[0,0],"pixels":334,"status":"Paused · Run or Step to advance"},"paused":true,"time":6.1599999999998909,"collisions":0},"id":"vision","reconnected":{"tick":313,"time":6.2599999999998888,"loop":{"speed":0.12849609789406777,"mappingActive":true,"perception":"Beacon visible","neural":[0.29999999999999999,-0.29255360751025],"feedback":{"enabled":true,"drive":0.40397144423150344,"phase":0.019503344028262815},"sampledAt":6.2599999999998888,"reason":"Fly circuit drives walking","mapping":{"forward":"walk","turn":"follow"},"mappingSummary":"Walk · Follow the turn","command":[0.14999999999999999,-0.146276803755125],"status":"Paused · Run or Step to advance","pixels":394},"paused":true,"ducks":[{"id":"duck-1","speed":0.12849609789406777,"position":[0.72258295296008623,0.0054303961723673015,0.11956722341687133],"neural":{"yaw":-0.29255360751025,"spikes":34663,"forward":109.46245217354274,"vx":0.29999999999999999},"neighborVisible":false,"area":0.064127604166666671,"tilt":3.5528078408567501,"input":{"headReason":"Neutral head","loomL":0.074744877319342137,"age":0,"head":[0,0,0,0],"loomPathway":"lplc2","gate":false,"reason":"Target visible through camera","turn":0.033948850896227969,"loomR":0,"fresh":true,"forward":0.12,"gateReason":"None"},"visible":true,"command":[0.14999999999999999,-0.146276803755125],"fallen":false,"temporal":null,"distance":1.0085674411039116,"pixels":394}],"collisions":0},"actions":["beacon-ahead","beacon-left","beacon-right","flow","eye-left","skill-kick","skill-recover"]},{"disconnected":{"ducks":[{"id":"duck-1","speed":0.0058286572683286702,"position":[0.036145616528272445,0.0019667291849400246,0.11578779649131123],"neural":{"yaw":-0.039720169729490905,"spikes":21777,"forward":0.81748353736831447,"vx":0},"neighborVisible":false,"area":0,"tilt":0.84995809178040449,"input":{"headReason":"Neutral head","loomL":0,"age":0,"head":[0,0,0,0],"loomPathway":"both","gate":false,"reason":"Direct neural experiment","turn":0,"gateReason":"None","fresh":true,"loomR":0,"forward":0},"visible":false,"command":[0,0],"fallen":false,"distance":0.13462101026086115,"temporal":null,"pixels":0}],"tick":311,"loop":{"speed":0.0058286572683286702,"mappingActive":true,"perception":"No cue detected","neural":[0,-0.039720169729490905],"feedback":{"enabled":false,"drive":0,"phase":0},"sampledAt":6.2199999999998896,"reason":"Body command connection off","mapping":{"turn":"follow","forward":"walk"},"mappingSummary":"Walk · Follow the turn","command":[0,0],"pixels":0,"status":"Paused · Run or Step to advance"},"paused":true,"time":6.2199999999998896,"collisions":0},"id":"empty","reconnected":{"tick":316,"ducks":[{"speed":0.0030070193766748056,"id":"duck-1","position":[0.035954633319558678,0.002058425379530908,0.1157991782854039],"neural":{"yaw":-0.059821425345529165,"spikes":22120,"forward":4.2836423527385534,"vx":0},"neighborVisible":false,"area":0,"tilt":0.81589356621507647,"input":{"headReason":"Neutral head","loomL":0,"head":[0,0,0,0],"age":0,"loomPathway":"both","gate":false,"reason":"Direct neural experiment","turn":0,"loomR":0,"fresh":true,"forward":0,"gateReason":"None"},"visible":false,"command":[0,-0.029910712672764583],"fallen":false,"distance":0.13483297501632141,"temporal":null,"pixels":0}],"loop":{"speed":0.0030070193766748056,"mappingActive":true,"perception":"No cue detected","neural":[0,-0.059821425345529165],"feedback":{"drive":0.0080011936403534441,"phase":0.99871760629766781,"enabled":true},"sampledAt":6.3199999999998875,"reason":"Forward neurons below walking threshold","mapping":{"turn":"follow","forward":"walk"},"mappingSummary":"Walk · Follow the turn","command":[0,-0.029910712672764583],"status":"Paused · Run or Step to advance","pixels":0},"paused":true,"time":6.3199999999998875,"collisions":0},"actions":["pulse-walk","pulse-left","pulse-right","add-target","add-duck","skill-kick","skill-recover"]}],"farBeacon":{"ducks":[{"id":"duck-1","speed":0.0023105594827081909,"position":[0.0025709516012920627,0.00046762884913206055,0.11643553168735361],"neural":{"yaw":-0.061081535134117682,"spikes":12349,"forward":0.0018963620372916897,"vx":0},"neighborVisible":false,"area":0,"tilt":0.71682456150783835,"input":{"headReason":"Neutral head","loomL":0,"head":[0,0,0,0],"age":0.079999999999943672,"loomPathway":"both","gate":true,"gateReason":"Target absent","loomR":0,"turn":0,"reason":"Target absent from camera","forward":0,"fresh":true},"visible":false,"command":[0,-0.061081535134117682],"fallen":false,"distance":0.0049774215636905796,"temporal":null,"pixels":3}],"collisions":0,"loop":{"speed":0.0023105594827081909,"mappingActive":true,"perception":"Cue too small · 3\/5 pixels","neural":[0,-0.061081535134117682],"feedback":{"enabled":true,"phase":6.6937656026944126e-05,"drive":0.0016249434583239968},"sampledAt":3.6999999999999433,"reason":"Target absent","mapping":{"forward":"walk","turn":"follow"},"command":[0,-0.061081535134117682],"mappingSummary":"Walk · Follow the turn","pixels":3,"status":"Paused · Run or Step to advance"},"paused":true,"time":3.6999999999999433,"tick":185},"pushable":{"prop":{"id":"target-1","quaternion":[1,0,0,0],"position":[0.90000000000000002,0.39196322455944388,0.034783559537247224]},"definition":{"id":"target-1","yaw":0,"position":[0.90000000000000002,0.39196322455944388,0.13],"motion":[0,0,0],"movable":true,"behavior":null,"color":"#ee4581","size":[0.070000000000000007,0.070000000000000007,0.070000000000000007],"mass":0.080000000000000002,"friction":0.80000000000000004,"kind":"target","name":"target"}},"errors":[]}
